blocknum,total_businesses_2007,total_businesses_2012,total_businesses_2017,total_businesses_2022,floorspace_growth_2007_2022_pct,suburb
1,5,9,13,13,160.0%,"Sydney CBD"
2,4,8,7,5,25.0%,"Sydney CBD"
4,2,2,2,2,0.0%,"Sydney CBD"
5,26,28,29,26,0.0%,"Sydney CBD"
6,4,3,7,3,-25.0%,"Sydney CBD"
7,1,1,1,0,0.0%,"Sydney CBD"
8,4,4,1,1,-75.0%,"Sydney CBD"
9,12,13,13,11,-8.3%,"Sydney CBD"
10,20,20,23,17,-15.0%,"Sydney CBD"
11,126,129,141,132,4.8%,"Sydney CBD"
12,15,20,25,26,73.3%,"Sydney CBD"
13,4,4,0,0,-100.0%,"Sydney CBD"
14,9,12,8,8,-11.1%,"Sydney CBD"
15,40,39,47,46,15.0%,"Sydney CBD"
16,31,41,34,30,-3.2%,"Sydney CBD"
17,3,7,7,7,133.3%,"Sydney CBD"
18,35,26,34,31,-11.4%,"Sydney CBD"
19,41,37,42,36,-12.2%,"Sydney CBD"
20,42,42,52,53,26.2%,"Sydney CBD"
21,40,73,37,38,-5.0%,"Sydney CBD"
22,4,4,6,6,50.0%,"Sydney CBD"
23,24,25,37,34,41.7%,"Sydney CBD"
24,14,17,10,12,-14.3%,"Sydney CBD"
25,6,12,14,13,116.7%,"Sydney CBD"
26,37,39,76,69,86.5%,"Sydney CBD"
27,16,18,50,48,200.0%,"Sydney CBD"
28,238,276,221,103,-56.7%,"Sydney CBD"
29,133,186,193,187,40.6%,"Sydney CBD"
30,102,91,91,18,-82.4%,"Sydney CBD"
31,51,41,48,28,-45.1%,"Sydney CBD"
32,8,12,15,16,100.0%,"Sydney CBD"
33,39,25,40,37,-5.1%,"Sydney CBD"
34,37,31,72,70,89.2%,"Sydney CBD"
35,39,44,61,70,79.5%,"Sydney CBD"
36,154,147,225,195,26.6%,"Sydney CBD"
37,1,1,1,0,0.0%,"Sydney CBD"
38,1,1,3,0,0.0%,"Sydney CBD"
39,38,45,103,105,176.3%,"Sydney CBD"
40,155,190,248,244,57.4%,"Sydney CBD"
41,86,102,109,104,20.9%,"Sydney CBD"
42,70,83,87,96,37.1%,"Sydney CBD"
43,340,175,298,207,-39.1%,"Sydney CBD"
44,88,76,158,152,72.7%,"Sydney CBD"
45,140,134,134,135,-3.6%,"Sydney CBD"
46,157,157,156,154,-1.9%,"Sydney CBD"
47,14,17,25,32,128.6%,"Sydney CBD"
48,46,61,92,93,102.2%,"Sydney CBD"
49,20,38,25,21,5.0%,"Sydney CBD"
50,32,38,51,50,56.3%,"Sydney CBD"
51,112,132,141,130,16.1%,"Sydney CBD"
52,29,36,7,15,-48.3%,"Sydney CBD"
53,192,237,118,114,-40.6%,"Sydney CBD"
54,362,476,508,423,16.9%,"Sydney CBD"
55,321,375,404,397,23.7%,"Sydney CBD"
56,46,45,3,2,-95.7%,"Sydney CBD"
57,35,30,47,46,31.4%,"Sydney CBD"
58,59,153,169,179,203.4%,"Sydney CBD"
59,18,17,22,15,-16.7%,"Sydney CBD"
60,9,9,11,11,22.2%,"Sydney CBD"
61,97,97,133,100,3.1%,"Sydney CBD"
62,85,81,94,113,32.9%,"Sydney CBD"
63,87,94,110,116,33.3%,"Sydney CBD"
64,44,45,46,32,-27.3%,"Sydney CBD"
65,105,93,102,82,-21.9%,"Sydney CBD"
66,102,59,83,58,-43.1%,"Sydney CBD"
67,28,53,67,78,178.6%,"Sydney CBD"
68,114,110,180,182,59.6%,"Sydney CBD"
69,95,134,112,92,-3.2%,"Sydney CBD"
70,196,55,53,104,-46.9%,"Sydney CBD"
71,116,104,109,103,-11.2%,"Sydney CBD"
72,7,7,3,3,-57.1%,"Sydney CBD"
73,53,68,80,72,35.8%,"Sydney CBD"
74,167,182,184,166,-0.6%,"Sydney CBD"
75,240,182,214,189,-21.3%,"Sydney CBD"
76,203,233,255,191,-5.9%,"Sydney CBD"
77,384,374,362,331,-13.8%,"Sydney CBD"
78,364,347,341,300,-17.6%,"Sydney CBD"
79,8,8,6,8,0.0%,"Sydney CBD"
80,209,162,155,182,-12.9%,"Sydney CBD"
81,3,3,4,3,0.0%,"Sydney CBD"
82,5,4,7,6,20.0%,"Sydney CBD"
83,58,37,39,45,-22.4%,"Sydney CBD"
85,90,86,98,90,0.0%,"Sydney CBD"
86,52,61,79,71,36.5%,"Sydney CBD"
87,193,184,225,211,9.3%,"Sydney CBD"
88,165,163,160,154,-6.7%,"Sydney CBD"
89,251,209,200,154,-38.6%,"Sydney CBD"
90,311,288,328,283,-9.0%,"Sydney CBD"
91,172,221,256,299,73.8%,"Sydney CBD"
93,14,16,11,12,-14.3%,"Sydney CBD"
94,65,68,72,66,1.5%,"Sydney CBD"
95,56,45,52,42,-25.0%,"Sydney CBD"
96,144,151,176,173,20.1%,"Sydney CBD"
97,129,146,143,109,-15.5%,"Sydney CBD"
98,50,56,105,90,80.0%,"Sydney CBD"
100,1,1,4,5,0.0%,"Sydney CBD"
101,11,11,1,1,-90.9%,"Sydney CBD"
102,3,3,2,2,-33.3%,"Sydney CBD"
103,13,19,23,23,76.9%,"Sydney CBD"
104,4,4,3,3,-25.0%,"Sydney CBD"
105,3,2,3,3,0.0%,"Sydney CBD"
106,3,3,3,3,0.0%,"Sydney CBD"
108,4,5,4,2,-50.0%,"Sydney CBD"
109,4,4,4,3,-25.0%,"Sydney CBD"
110,8,8,4,5,-37.5%,"Sydney CBD"
111,23,44,41,36,56.5%,"Sydney CBD"
113,66,83,81,94,42.4%,"Sydney CBD"
114,29,41,53,49,69.0%,"Sydney CBD"
115,59,62,73,68,15.3%,"Sydney CBD"
116,75,138,174,175,133.3%,"Sydney CBD"
118,2,32,40,32,1500.0%,"Sydney CBD"
119,89,106,135,87,-2.2%,"Sydney CBD"
120,188,187,239,216,14.9%,"Sydney CBD"
121,48,53,60,61,27.1%,"Sydney CBD"
122,16,16,16,8,-50.0%,"Sydney CBD"
123,99,112,93,79,-20.2%,"Sydney CBD"
124,115,141,164,104,-9.6%,"Sydney CBD"
125,55,55,54,55,0.0%,"Sydney CBD"
126,201,226,255,227,12.9%,"Sydney CBD"
127,116,138,189,162,39.7%,"Sydney CBD"
128,3,6,3,3,0.0%,"Sydney CBD"
129,43,50,38,34,-20.9%,"Sydney CBD"
130,20,25,30,36,80.0%,"Sydney CBD"
131,20,25,25,15,-25.0%,"Sydney CBD"
132,11,11,11,14,27.3%,"Sydney CBD"
133,2,2,2,2,0.0%,"Sydney CBD"
135,24,27,41,24,0.0%,"Sydney CBD"
136,36,40,37,34,-5.6%,"Sydney CBD"
137,111,126,161,108,-2.7%,"Sydney CBD"
138,123,126,125,44,-64.2%,"Sydney CBD"
139,99,113,102,87,-12.1%,"Sydney CBD"
140,73,79,81,77,5.5%,"Sydney CBD"
141,1,1,1,1,0.0%,"Sydney CBD"
142,18,19,15,11,-38.9%,"Sydney CBD"
144,69,81,72,76,10.1%,"Sydney CBD"
145,101,156,160,144,42.6%,"Sydney CBD"
147,23,22,24,22,-4.3%,"Sydney CBD"
148,131,142,99,77,-41.2%,"Sydney CBD"
149,20,14,15,15,-25.0%,"Sydney CBD"
150,11,8,10,10,-9.1%,"Sydney CBD"
151,47,52,54,44,-6.4%,"Sydney CBD"
152,41,39,45,36,-12.2%,"Sydney CBD"
153,66,85,68,54,-18.2%,"Sydney CBD"
154,32,36,30,26,-18.8%,"Sydney CBD"
155,6,6,5,5,-16.7%,"Sydney CBD"
156,29,28,26,22,-24.1%,"Sydney CBD"
157,1,8,1,1,0.0%,"Sydney CBD"
158,1,15,3,4,0.0%,"Sydney CBD"
159,21,26,32,23,9.5%,"Sydney CBD"
161,15,20,19,14,-6.7%,"Sydney CBD"
162,4,4,4,4,0.0%,"Sydney CBD"
163,2,1,25,22,1000.0%,"Sydney CBD"
164,33,35,39,28,-15.2%,"Sydney CBD"
165,8,15,19,16,100.0%,"Sydney CBD"
166,6,5,7,7,16.7%,"Sydney CBD"
167,13,11,19,14,7.7%,"Sydney CBD"
168,2,3,2,2,0.0%,"Sydney CBD"
169,0,8,9,8,0.0%,"Sydney CBD"
170,1,1,2,2,0.0%,"Sydney CBD"
171,4,6,6,5,25.0%,"Sydney CBD"
172,17,15,13,12,-29.4%,"Sydney CBD"
173,14,14,9,9,-35.7%,"Sydney CBD"
174,7,7,13,9,28.6%,"Sydney CBD"
175,136,158,185,135,-0.7%,"Sydney CBD"
176,9,10,12,15,66.7%,"Sydney CBD"
177,3,5,5,5,66.7%,"Sydney CBD"
178,15,15,9,8,-46.7%,"Sydney CBD"
179,11,11,12,12,9.1%,"Sydney CBD"
180,5,4,5,5,0.0%,"Sydney CBD"
181,9,8,15,9,0.0%,"Sydney CBD"
182,5,7,10,10,100.0%,"Sydney CBD"
183,45,107,100,70,55.6%,"Sydney CBD"
184,38,45,54,42,10.5%,"Sydney CBD"
185,12,14,9,7,-41.7%,"Sydney CBD"
186,5,5,4,4,-20.0%,"Sydney CBD"
187,4,5,4,5,25.0%,"Sydney CBD"
188,8,6,5,1,-87.5%,"Sydney CBD"
189,12,12,6,6,-50.0%,"Sydney CBD"
190,2,2,2,0,-100.0%,"Sydney CBD"
191,4,9,7,7,75.0%,"Sydney CBD"
192,6,18,18,19,216.7%,"Sydney CBD"
193,9,8,9,9,0.0%,"Sydney CBD"
194,0,0,0,0,0.0%,"Sydney CBD"
195,6,5,7,7,16.7%,"Sydney CBD"
196,42,39,47,37,-11.9%,"Sydney CBD"
198,0,1,1,1,0.0%,"Sydney CBD"
199,0,0,0,0,0.0%,"Sydney CBD"
200,4,2,0,1,-75.0%,"Sydney CBD"
201,0,1,1,1,0.0%,"Sydney CBD"
203,7,5,8,8,14.3%,"Sydney CBD"
204,15,19,16,12,-20.0%,"Sydney CBD"
205,14,15,16,14,0.0%,"Sydney CBD"
206,22,33,35,32,45.5%,"Sydney CBD"
207,9,7,9,7,-22.2%,"Sydney CBD"
208,7,3,5,3,-57.1%,"Sydney CBD"
209,4,6,5,3,-25.0%,"Sydney CBD"
210,19,26,34,17,-10.5%,"Sydney CBD"
211,12,14,15,9,-25.0%,"Sydney CBD"
212,21,22,40,45,114.3%,"Sydney CBD"
213,7,7,8,2,-71.4%,"Sydney CBD"
214,8,10,11,7,-12.5%,"Sydney CBD"
215,15,35,47,33,120.0%,"Sydney CBD"
216,40,42,42,23,-42.5%,"Sydney CBD"
217,24,32,29,22,-8.3%,"Sydney CBD"
218,2,4,2,2,0.0%,"Sydney CBD"
219,0,69,82,70,0.0%,"Sydney CBD"
220,10,22,20,18,80.0%,"Sydney CBD"
223,32,38,37,29,-9.4%,"Sydney CBD"
225,2,2,1,2,0.0%,"Sydney CBD"
226,15,19,22,25,66.7%,"Sydney CBD"
227,0,0,0,0,0.0%,"Sydney CBD"
228,3,4,4,4,33.3%,"Sydney CBD"
229,13,18,20,19,46.2%,"Sydney CBD"
230,6,14,16,21,250.0%,"Sydney CBD"
231,2,8,10,8,300.0%,"Sydney CBD"
232,1,2,4,3,0.0%,"Sydney CBD"
233,94,105,111,92,-2.1%,"Sydney CBD"
234,8,18,17,13,62.5%,"Sydney CBD"
235,0,2,3,3,0.0%,"Sydney CBD"
236,1,0,0,1,0.0%,"Sydney CBD"
237,1,41,31,32,0.0%,"Sydney CBD"
238,13,16,19,17,30.8%,"Sydney CBD"
239,3,9,9,7,133.3%,"Sydney CBD"
240,0,1,1,1,0.0%,"Sydney CBD"
241,105,117,108,15,-85.7%,"Sydney CBD"
300,12,11,11,11,-8.3%,"Pott Point"
301,5,5,5,8,60.0%,"Pott Point"
302,5,5,5,5,0.0%,"Pott Point"
303,13,13,12,13,0.0%,"Pott Point"
304,1,1,1,1,0.0%,"Pott Point"
305,6,6,47,53,783.3%,"Pott Point"
306,5,5,5,6,20.0%,"Pott Point"
307,18,18,18,18,0.0%,"Pott Point"
308,14,12,12,12,-14.3%,"Pott Point"
309,0,0,0,0,0.0%,"Pott Point"
310,0,0,0,0,0.0%,"Pott Point"
311,0,0,0,0,0.0%,"Pott Point"
312,0,0,0,0,0.0%,"Pott Point"
313,0,0,0,0,0.0%,"Pott Point"
314,5,5,6,5,0.0%,"Pott Point"
315,34,35,36,34,0.0%,"Pott Point"
316,21,23,27,22,4.8%,"Pott Point"
317,12,12,11,18,50.0%,"Pott Point"
318,6,8,7,6,0.0%,"Pott Point"
319,1,1,0,2,0.0%,"Pott Point"
320,40,48,49,52,30.0%,"Pott Point"
321,5,47,53,55,1000.0%,"Pott Point"
322,4,8,8,6,50.0%,"Pott Point"
323,23,24,18,16,-30.4%,"Pott Point"
324,39,44,32,32,-17.9%,"Pott Point"
325,6,7,5,6,0.0%,"Pott Point"
326,19,22,23,18,-5.3%,"Pott Point"
327,5,8,8,9,80.0%,"Pott Point"
328,0,0,0,0,0.0%,"Pott Point"
329,17,11,13,12,-29.4%,"Pott Point"
330,3,4,2,5,66.7%,"Pott Point"
331,5,4,2,3,-40.0%,"Pott Point"
332,4,3,2,2,-50.0%,"Pott Point"
333,2,2,2,2,0.0%,"Pott Point"
334,0,0,0,0,0.0%,"Pott Point"
335,0,0,1,2,0.0%,"Pott Point"
336,7,7,10,4,-42.9%,"Pott Point"
337,3,4,4,4,33.3%,"Pott Point"
338,5,4,5,5,0.0%,"Pott Point"
339,43,39,57,48,11.6%,"Pott Point"
340,8,8,8,6,-25.0%,"Pott Point"
341,0,0,0,0,0.0%,"Pott Point"
342,1,1,1,0,0.0%,"Pott Point"
343,7,7,7,6,-14.3%,"Pott Point"
344,1,1,1,1,0.0%,"Pott Point"
345,1,1,1,2,0.0%,"Pott Point"
346,3,3,2,0,-100.0%,"Pott Point"
347,2,2,2,2,0.0%,"Pott Point"
348,5,4,5,5,0.0%,"Pott Point"
349,3,4,4,5,66.7%,"Pott Point"
350,96,60,71,70,-27.1%,"Pott Point"
351,10,15,13,10,0.0%,"Pott Point"
352,1,1,7,6,0.0%,"Pott Point"
353,11,8,9,8,-27.3%,"Pott Point"
354,13,22,27,23,76.9%,"Pott Point"
355,6,7,6,5,-16.7%,"Pott Point"
356,1,1,0,1,0.0%,"Pott Point"
357,34,31,45,32,-5.9%,"Pott Point"
360,19,15,19,20,5.3%,"Moore Park"
361,23,29,45,51,121.7%,"Moore Park"
362,87,81,84,61,-29.9%,"Moore Park"
363,6,6,12,9,50.0%,"Moore Park"
370,28,28,35,8,-71.4%,"Moore Park"
371,6,7,9,10,66.7%,"Moore Park"
372,1,2,2,1,0.0%,"Moore Park"
373,22,27,17,18,-18.2%,"Moore Park"
374,1,1,0,0,0.0%,"Moore Park"
375,1,2,3,3,0.0%,"Moore Park"
376,1,1,1,1,0.0%,"Moore Park"
377,0,0,0,0,0.0%,"Moore Park"
378,0,0,0,0,0.0%,"Moore Park"
379,0,0,0,0,0.0%,"Moore Park"
380,0,0,0,0,0.0%,"Moore Park"
381,5,5,3,3,-40.0%,"Moore Park"
382,1,1,1,1,0.0%,"Moore Park"
383,15,17,15,16,6.7%,"Moore Park"
384,6,6,6,8,33.3%,"Moore Park"
385,1,1,1,1,0.0%,"Moore Park"
386,0,0,0,0,0.0%,"Moore Park"
387,0,0,0,0,0.0%,"Moore Park"
388,0,0,0,0,0.0%,"Moore Park"
389,2,2,1,1,-50.0%,"Moore Park"
390,0,0,0,0,0.0%,"Moore Park"
391,2,2,2,2,0.0%,"Moore Park"
392,5,7,7,7,40.0%,"Moore Park"
393,3,2,3,1,-66.7%,"Moore Park"
394,1,1,1,1,0.0%,"Moore Park"
395,0,0,0,0,0.0%,"Moore Park"
396,0,0,0,0,0.0%,"Moore Park"
398,37,48,44,46,24.3%,"Moore Park"
399,1,1,0,1,0.0%,"Moore Park"
400,2,2,2,2,0.0%,"Darlinghurst and Surry Hill"
401,13,41,43,37,184.6%,"Darlinghurst and Surry Hill"
402,13,12,19,15,15.4%,"Darlinghurst and Surry Hill"
403,56,56,51,52,-7.1%,"Darlinghurst and Surry Hill"
404,22,22,19,15,-31.8%,"Darlinghurst and Surry Hill"
405,8,12,9,9,12.5%,"Darlinghurst and Surry Hill"
406,11,9,13,14,27.3%,"Darlinghurst and Surry Hill"
407,20,24,19,21,5.0%,"Darlinghurst and Surry Hill"
408,11,10,9,9,-18.2%,"Darlinghurst and Surry Hill"
409,0,0,0,0,0.0%,"Darlinghurst and Surry Hill"
410,1,1,0,0,0.0%,"Darlinghurst and Surry Hill"
411,6,8,8,6,0.0%,"Darlinghurst and Surry Hill"
412,0,0,0,0,0.0%,"Darlinghurst and Surry Hill"
413,15,16,7,5,-66.7%,"Darlinghurst and Surry Hill"
414,12,10,21,25,108.3%,"Darlinghurst and Surry Hill"
415,7,7,8,10,42.9%,"Darlinghurst and Surry Hill"
416,42,63,63,62,47.6%,"Darlinghurst and Surry Hill"
417,6,6,8,7,16.7%,"Darlinghurst and Surry Hill"
418,0,0,0,0,0.0%,"Darlinghurst and Surry Hill"
419,2,2,1,1,-50.0%,"Darlinghurst and Surry Hill"
420,13,17,13,11,-15.4%,"Darlinghurst and Surry Hill"
421,2,3,3,3,50.0%,"Darlinghurst and Surry Hill"
422,3,4,6,6,100.0%,"Darlinghurst and Surry Hill"
423,6,6,6,6,0.0%,"Darlinghurst and Surry Hill"
424,12,12,19,19,58.3%,"Darlinghurst and Surry Hill"
425,0,0,0,0,0.0%,"Darlinghurst and Surry Hill"
426,0,0,0,0,0.0%,"Darlinghurst and Surry Hill"
427,5,4,3,3,-40.0%,"Darlinghurst and Surry Hill"
428,25,29,27,27,8.0%,"Darlinghurst and Surry Hill"
429,5,9,10,10,100.0%,"Darlinghurst and Surry Hill"
430,19,23,24,24,26.3%,"Darlinghurst and Surry Hill"
431,16,18,13,14,-12.5%,"Darlinghurst and Surry Hill"
432,9,12,13,13,44.4%,"Darlinghurst and Surry Hill"
433,3,4,3,3,0.0%,"Darlinghurst and Surry Hill"
434,21,13,21,21,0.0%,"Darlinghurst and Surry Hill"
435,1,0,0,1,0.0%,"Darlinghurst and Surry Hill"
436,7,9,9,9,28.6%,"Darlinghurst and Surry Hill"
437,5,8,10,9,80.0%,"Darlinghurst and Surry Hill"
438,10,4,5,7,-30.0%,"Darlinghurst and Surry Hill"
439,16,19,22,13,-18.8%,"Darlinghurst and Surry Hill"
440,15,25,12,15,0.0%,"Darlinghurst and Surry Hill"
441,9,18,16,16,77.8%,"Darlinghurst and Surry Hill"
442,8,10,10,10,25.0%,"Darlinghurst and Surry Hill"
443,1,1,0,0,0.0%,"Darlinghurst and Surry Hill"
444,3,1,6,8,166.7%,"Darlinghurst and Surry Hill"
445,17,16,13,13,-23.5%,"Darlinghurst and Surry Hill"
446,14,26,26,26,85.7%,"Darlinghurst and Surry Hill"
447,7,10,8,7,0.0%,"Darlinghurst and Surry Hill"
448,3,5,7,7,133.3%,"Darlinghurst and Surry Hill"
449,13,10,14,12,-7.7%,"Darlinghurst and Surry Hill"
450,6,11,8,8,33.3%,"Darlinghurst and Surry Hill"
451,28,30,29,24,-14.3%,"Darlinghurst and Surry Hill"
452,38,38,39,6,-84.2%,"Darlinghurst and Surry Hill"
453,28,32,33,10,-64.3%,"Darlinghurst and Surry Hill"
454,33,43,25,80,142.4%,"Darlinghurst and Surry Hill"
455,15,20,17,13,-13.3%,"Darlinghurst and Surry Hill"
456,13,27,33,33,153.8%,"Darlinghurst and Surry Hill"
457,23,27,42,42,82.6%,"Darlinghurst and Surry Hill"
458,43,38,37,23,-46.5%,"Darlinghurst and Surry Hill"
459,12,10,13,13,8.3%,"Darlinghurst and Surry Hill"
460,12,3,2,4,-66.7%,"Darlinghurst and Surry Hill"
461,2,3,2,2,0.0%,"Darlinghurst and Surry Hill"
462,5,5,6,4,-20.0%,"Darlinghurst and Surry Hill"
463,2,5,5,4,100.0%,"Darlinghurst and Surry Hill"
464,18,19,18,17,-5.6%,"Darlinghurst and Surry Hill"
465,34,78,51,39,14.7%,"Darlinghurst and Surry Hill"
466,26,27,33,25,-3.8%,"Darlinghurst and Surry Hill"
467,36,36,38,38,5.6%,"Darlinghurst and Surry Hill"
468,37,32,27,29,-21.6%,"Darlinghurst and Surry Hill"
469,43,41,42,38,-11.6%,"Darlinghurst and Surry Hill"
470,20,19,21,19,-5.0%,"Darlinghurst and Surry Hill"
471,46,60,59,46,0.0%,"Darlinghurst and Surry Hill"
472,19,21,21,21,10.5%,"Darlinghurst and Surry Hill"
473,32,45,44,30,-6.3%,"Darlinghurst and Surry Hill"
474,19,22,14,9,-52.6%,"Darlinghurst and Surry Hill"
475,3,3,5,3,0.0%,"Darlinghurst and Surry Hill"
476,3,4,5,5,66.7%,"Darlinghurst and Surry Hill"
477,28,29,37,37,32.1%,"Darlinghurst and Surry Hill"
478,20,20,18,18,-10.0%,"Darlinghurst and Surry Hill"
479,1,23,21,13,0.0%,"Darlinghurst and Surry Hill"
480,3,2,2,2,-33.3%,"Darlinghurst and Surry Hill"
481,4,4,4,3,-25.0%,"Darlinghurst and Surry Hill"
482,7,4,6,8,14.3%,"Darlinghurst and Surry Hill"
483,5,3,7,12,140.0%,"Darlinghurst and Surry Hill"
484,35,30,36,38,8.6%,"Darlinghurst and Surry Hill"
485,14,17,19,25,78.6%,"Darlinghurst and Surry Hill"
486,1,1,1,1,0.0%,"Darlinghurst and Surry Hill"
487,8,6,10,10,25.0%,"Darlinghurst and Surry Hill"
488,6,1,4,4,-33.3%,"Darlinghurst and Surry Hill"
489,45,34,41,38,-15.6%,"Darlinghurst and Surry Hill"
490,18,18,12,12,-33.3%,"Darlinghurst and Surry Hill"
491,5,8,5,5,0.0%,"Darlinghurst and Surry Hill"
492,9,18,21,17,88.9%,"Darlinghurst and Surry Hill"
493,21,26,22,22,4.8%,"Darlinghurst and Surry Hill"
494,6,9,12,12,100.0%,"Darlinghurst and Surry Hill"
495,6,6,4,7,16.7%,"Darlinghurst and Surry Hill"
496,15,16,23,23,53.3%,"Darlinghurst and Surry Hill"
497,14,15,8,10,-28.6%,"Darlinghurst and Surry Hill"
498,14,18,25,19,35.7%,"Darlinghurst and Surry Hill"
499,11,19,51,51,363.6%,"Darlinghurst and Surry Hill"
500,3,4,3,4,33.3%,"Darlinghurst and Surry Hill"
501,2,2,3,3,50.0%,"Darlinghurst and Surry Hill"
502,7,6,8,8,14.3%,"Darlinghurst and Surry Hill"
503,6,7,6,4,-33.3%,"Darlinghurst and Surry Hill"
504,1,1,1,1,0.0%,"Darlinghurst and Surry Hill"
505,2,3,2,2,0.0%,"Darlinghurst and Surry Hill"
507,11,12,10,11,0.0%,"Darlinghurst and Surry Hill"
508,7,8,12,10,42.9%,"Darlinghurst and Surry Hill"
509,17,26,32,27,58.8%,"Darlinghurst and Surry Hill"
510,9,9,17,15,66.7%,"Darlinghurst and Surry Hill"
511,8,12,12,11,37.5%,"Darlinghurst and Surry Hill"
512,9,8,11,13,44.4%,"Darlinghurst and Surry Hill"
513,4,4,6,5,25.0%,"Darlinghurst and Surry Hill"
514,35,24,33,27,-22.9%,"Darlinghurst and Surry Hill"
515,11,8,9,9,-18.2%,"Darlinghurst and Surry Hill"
516,17,22,31,27,58.8%,"Darlinghurst and Surry Hill"
517,33,24,35,27,-18.2%,"Darlinghurst and Surry Hill"
518,60,56,66,66,10.0%,"Darlinghurst and Surry Hill"
519,0,0,0,0,0.0%,"Darlinghurst and Surry Hill"
520,0,0,0,0,0.0%,"Darlinghurst and Surry Hill"
521,7,9,7,8,14.3%,"Darlinghurst and Surry Hill"
522,11,10,10,10,-9.1%,"Darlinghurst and Surry Hill"
523,32,36,47,36,12.5%,"Darlinghurst and Surry Hill"
524,148,147,147,147,-0.7%,"Darlinghurst and Surry Hill"
525,19,21,30,28,47.4%,"Darlinghurst and Surry Hill"
526,15,20,19,19,26.7%,"Darlinghurst and Surry Hill"
527,1,1,1,6,0.0%,"Darlinghurst and Surry Hill"
528,33,25,23,23,-30.3%,"Darlinghurst and Surry Hill"
529,21,31,39,39,85.7%,"Darlinghurst and Surry Hill"
530,24,55,71,29,20.8%,"Darlinghurst and Surry Hill"
531,12,14,13,13,8.3%,"Darlinghurst and Surry Hill"
532,8,9,12,12,50.0%,"Darlinghurst and Surry Hill"
533,1,1,2,2,0.0%,"Darlinghurst and Surry Hill"
534,5,7,6,6,20.0%,"Darlinghurst and Surry Hill"
535,0,0,0,0,0.0%,"Darlinghurst and Surry Hill"
536,0,0,0,0,0.0%,"Darlinghurst and Surry Hill"
537,8,11,8,8,0.0%,"Darlinghurst and Surry Hill"
538,2,2,2,2,0.0%,"Darlinghurst and Surry Hill"
539,0,0,0,0,0.0%,"Darlinghurst and Surry Hill"
540,1,1,1,1,0.0%,"Darlinghurst and Surry Hill"
541,7,6,1,1,-85.7%,"Darlinghurst and Surry Hill"
542,3,2,4,3,0.0%,"Darlinghurst and Surry Hill"
543,6,5,8,6,0.0%,"Darlinghurst and Surry Hill"
544,10,10,7,6,-40.0%,"Darlinghurst and Surry Hill"
545,45,55,52,53,17.8%,"Darlinghurst and Surry Hill"
546,12,18,14,12,0.0%,"Darlinghurst and Surry Hill"
547,2,4,5,5,150.0%,"Darlinghurst and Surry Hill"
548,4,4,3,3,-25.0%,"Darlinghurst and Surry Hill"
549,1,3,3,3,0.0%,"Darlinghurst and Surry Hill"
550,19,27,14,13,-31.6%,"Darlinghurst and Surry Hill"
551,11,13,11,11,0.0%,"Darlinghurst and Surry Hill"
552,4,6,3,2,-50.0%,"Darlinghurst and Surry Hill"
553,0,0,2,2,0.0%,"Darlinghurst and Surry Hill"
554,9,10,9,7,-22.2%,"Darlinghurst and Surry Hill"
555,15,6,13,17,13.3%,"Darlinghurst and Surry Hill"
556,4,5,6,4,0.0%,"Darlinghurst and Surry Hill"
557,0,2,2,4,0.0%,"Darlinghurst and Surry Hill"
558,1,1,1,1,0.0%,"Darlinghurst and Surry Hill"
560,15,11,9,9,-40.0%,"Darlinghurst and Surry Hill"
561,37,35,26,24,-35.1%,"Darlinghurst and Surry Hill"
562,8,13,10,10,25.0%,"Darlinghurst and Surry Hill"
563,15,31,22,21,40.0%,"Darlinghurst and Surry Hill"
564,134,170,169,168,25.4%,"Darlinghurst and Surry Hill"
565,67,41,67,62,-7.5%,"Darlinghurst and Surry Hill"
566,8,12,8,13,62.5%,"Darlinghurst and Surry Hill"
567,24,29,41,41,70.8%,"Darlinghurst and Surry Hill"
568,15,12,20,20,33.3%,"Darlinghurst and Surry Hill"
569,13,12,20,20,53.8%,"Darlinghurst and Surry Hill"
570,63,67,59,59,-6.3%,"Darlinghurst and Surry Hill"
571,13,11,9,9,-30.8%,"Darlinghurst and Surry Hill"
572,5,4,5,5,0.0%,"Darlinghurst and Surry Hill"
573,15,16,14,14,-6.7%,"Darlinghurst and Surry Hill"
574,13,24,19,20,53.8%,"Darlinghurst and Surry Hill"
575,18,18,26,26,44.4%,"Darlinghurst and Surry Hill"
576,4,4,3,3,-25.0%,"Darlinghurst and Surry Hill"
577,3,3,4,4,33.3%,"Darlinghurst and Surry Hill"
578,1,7,6,6,0.0%,"Darlinghurst and Surry Hill"
579,14,12,14,14,0.0%,"Darlinghurst and Surry Hill"
580,0,0,0,0,0.0%,"Darlinghurst and Surry Hill"
581,1,2,2,1,0.0%,"Darlinghurst and Surry Hill"
582,52,59,69,69,32.7%,"Darlinghurst and Surry Hill"
583,1,3,2,2,0.0%,"Darlinghurst and Surry Hill"
584,0,0,1,0,0.0%,"Darlinghurst and Surry Hill"
585,3,4,2,2,-33.3%,"Darlinghurst and Surry Hill"
586,26,28,26,26,0.0%,"Darlinghurst and Surry Hill"
587,15,20,22,22,46.7%,"Darlinghurst and Surry Hill"
588,0,0,0,0,0.0%,"Darlinghurst and Surry Hill"
589,4,16,23,23,475.0%,"Darlinghurst and Surry Hill"
590,7,11,10,10,42.9%,"Darlinghurst and Surry Hill"
591,1,1,1,1,0.0%,"Darlinghurst and Surry Hill"
592,0,0,0,0,0.0%,"Darlinghurst and Surry Hill"
593,0,0,0,0,0.0%,"Darlinghurst and Surry Hill"
594,2,2,2,2,0.0%,"Darlinghurst and Surry Hill"
595,0,0,0,0,0.0%,"Darlinghurst and Surry Hill"
596,30,30,28,28,-6.7%,"Darlinghurst and Surry Hill"
597,26,26,26,0,-100.0%,"Darlinghurst and Surry Hill"
598,1,1,1,1,0.0%,"Darlinghurst and Surry Hill"
599,0,0,0,0,0.0%,"Darlinghurst and Surry Hill"
600,1,1,1,1,0.0%,"Redfern, Erskineville and Macdonaldtown"
601,0,0,0,0,0.0%,"Redfern, Erskineville and Macdonaldtown"
602,2,2,2,2,0.0%,"Redfern, Erskineville and Macdonaldtown"
603,0,0,0,0,0.0%,"Redfern, Erskineville and Macdonaldtown"
604,0,0,0,0,0.0%,"Redfern, Erskineville and Macdonaldtown"
605,3,3,3,4,33.3%,"Redfern, Erskineville and Macdonaldtown"
606,17,6,24,24,41.2%,"Redfern, Erskineville and Macdonaldtown"
607,0,0,0,0,0.0%,"Redfern, Erskineville and Macdonaldtown"
608,10,9,11,8,-20.0%,"Redfern, Erskineville and Macdonaldtown"
609,8,15,9,2,-75.0%,"Redfern, Erskineville and Macdonaldtown"
610,10,14,11,11,10.0%,"Redfern, Erskineville and Macdonaldtown"
611,7,8,8,8,14.3%,"Redfern, Erskineville and Macdonaldtown"
612,0,0,0,0,0.0%,"Redfern, Erskineville and Macdonaldtown"
613,0,0,0,0,0.0%,"Redfern, Erskineville and Macdonaldtown"
614,0,0,4,4,0.0%,"Redfern, Erskineville and Macdonaldtown"
615,0,0,0,0,0.0%,"Redfern, Erskineville and Macdonaldtown"
616,0,0,0,0,0.0%,"Redfern, Erskineville and Macdonaldtown"
617,2,2,2,2,0.0%,"Redfern, Erskineville and Macdonaldtown"
618,1,0,1,0,0.0%,"Redfern, Erskineville and Macdonaldtown"
619,4,7,7,7,75.0%,"Redfern, Erskineville and Macdonaldtown"
620,0,0,0,3,0.0%,"Redfern, Erskineville and Macdonaldtown"
621,0,0,0,0,0.0%,"Redfern, Erskineville and Macdonaldtown"
622,0,1,1,1,0.0%,"Redfern, Erskineville and Macdonaldtown"
623,1,1,1,3,0.0%,"Redfern, Erskineville and Macdonaldtown"
624,9,9,5,5,-44.4%,"Redfern, Erskineville and Macdonaldtown"
625,0,1,2,2,0.0%,"Redfern, Erskineville and Macdonaldtown"
626,43,76,72,72,67.4%,"Redfern, Erskineville and Macdonaldtown"
627,4,5,6,6,50.0%,"Redfern, Erskineville and Macdonaldtown"
628,6,6,11,11,83.3%,"Redfern, Erskineville and Macdonaldtown"
629,11,11,13,13,18.2%,"Redfern, Erskineville and Macdonaldtown"
630,7,10,17,17,142.9%,"Redfern, Erskineville and Macdonaldtown"
631,0,0,4,4,0.0%,"Redfern, Erskineville and Macdonaldtown"
632,5,3,2,2,-60.0%,"Redfern, Erskineville and Macdonaldtown"
633,1,1,1,1,0.0%,"Redfern, Erskineville and Macdonaldtown"
634,4,4,4,4,0.0%,"Redfern, Erskineville and Macdonaldtown"
635,0,0,0,0,0.0%,"Redfern, Erskineville and Macdonaldtown"
636,2,1,0,0,-100.0%,"Redfern, Erskineville and Macdonaldtown"
637,1,1,2,2,0.0%,"Redfern, Erskineville and Macdonaldtown"
638,10,12,10,13,30.0%,"Redfern, Erskineville and Macdonaldtown"
639,14,23,20,20,42.9%,"Redfern, Erskineville and Macdonaldtown"
640,7,5,2,2,-71.4%,"Redfern, Erskineville and Macdonaldtown"
641,6,7,8,8,33.3%,"Redfern, Erskineville and Macdonaldtown"
642,7,6,8,9,28.6%,"Redfern, Erskineville and Macdonaldtown"
643,4,5,4,4,0.0%,"Redfern, Erskineville and Macdonaldtown"
644,13,18,24,24,84.6%,"Redfern, Erskineville and Macdonaldtown"
645,1,11,6,6,0.0%,"Redfern, Erskineville and Macdonaldtown"
646,3,3,6,6,100.0%,"Redfern, Erskineville and Macdonaldtown"
647,26,30,35,35,34.6%,"Redfern, Erskineville and Macdonaldtown"
648,23,25,24,24,4.3%,"Redfern, Erskineville and Macdonaldtown"
649,28,27,32,32,14.3%,"Redfern, Erskineville and Macdonaldtown"
650,3,4,5,5,66.7%,"Redfern, Erskineville and Macdonaldtown"
651,7,8,8,8,14.3%,"Redfern, Erskineville and Macdonaldtown"
652,42,42,52,52,23.8%,"Redfern, Erskineville and Macdonaldtown"
653,0,0,0,0,0.0%,"Redfern, Erskineville and Macdonaldtown"
654,0,0,0,0,0.0%,"Redfern, Erskineville and Macdonaldtown"
655,0,0,0,0,0.0%,"Redfern, Erskineville and Macdonaldtown"
656,26,33,30,1,-96.2%,"Redfern, Erskineville and Macdonaldtown"
657,11,24,23,23,109.1%,"Redfern, Erskineville and Macdonaldtown"
658,2,3,0,1,-50.0%,"Redfern, Erskineville and Macdonaldtown"
659,5,6,4,5,0.0%,"Redfern, Erskineville and Macdonaldtown"
660,8,8,8,8,0.0%,"Redfern, Erskineville and Macdonaldtown"
661,9,13,14,14,55.6%,"Redfern, Erskineville and Macdonaldtown"
662,5,6,5,2,-60.0%,"Redfern, Erskineville and Macdonaldtown"
664,0,0,0,0,0.0%,"Redfern, Erskineville and Macdonaldtown"
665,12,13,15,15,25.0%,"Redfern, Erskineville and Macdonaldtown"
666,1,1,1,1,0.0%,"Redfern, Erskineville and Macdonaldtown"
667,4,8,8,8,100.0%,"Redfern, Erskineville and Macdonaldtown"
668,0,0,0,0,0.0%,"Redfern, Erskineville and Macdonaldtown"
669,5,7,7,9,80.0%,"Redfern, Erskineville and Macdonaldtown"
670,2,5,13,12,500.0%,"Redfern, Erskineville and Macdonaldtown"
671,0,1,0,1,0.0%,"Redfern, Erskineville and Macdonaldtown"
672,1,1,1,2,0.0%,"Redfern, Erskineville and Macdonaldtown"
673,1,1,1,1,0.0%,"Redfern, Erskineville and Macdonaldtown"
674,1,3,1,1,0.0%,"Redfern, Erskineville and Macdonaldtown"
675,0,0,3,3,0.0%,"Redfern, Erskineville and Macdonaldtown"
676,0,0,0,0,0.0%,"Redfern, Erskineville and Macdonaldtown"
677,0,0,0,0,0.0%,"Redfern, Erskineville and Macdonaldtown"
678,1,1,2,2,0.0%,"Redfern, Erskineville and Macdonaldtown"
679,2,6,7,7,250.0%,"Redfern, Erskineville and Macdonaldtown"
680,1,1,1,1,0.0%,"Redfern, Erskineville and Macdonaldtown"
681,0,0,0,0,0.0%,"Redfern, Erskineville and Macdonaldtown"
682,0,1,1,1,0.0%,"Redfern, Erskineville and Macdonaldtown"
683,3,4,1,1,-66.7%,"Redfern, Erskineville and Macdonaldtown"
684,9,17,17,17,88.9%,"Redfern, Erskineville and Macdonaldtown"
685,1,2,2,1,0.0%,"Redfern, Erskineville and Macdonaldtown"
686,5,8,9,9,80.0%,"Redfern, Erskineville and Macdonaldtown"
687,2,2,2,2,0.0%,"Redfern, Erskineville and Macdonaldtown"
688,14,14,5,5,-64.3%,"Redfern, Erskineville and Macdonaldtown"
689,1,1,1,1,0.0%,"Redfern, Erskineville and Macdonaldtown"
690,10,10,10,10,0.0%,"Redfern, Erskineville and Macdonaldtown"
691,12,13,15,15,25.0%,"Redfern, Erskineville and Macdonaldtown"
692,2,2,2,2,0.0%,"Redfern, Erskineville and Macdonaldtown"
693,0,0,0,0,0.0%,"Redfern, Erskineville and Macdonaldtown"
694,0,0,0,0,0.0%,"Redfern, Erskineville and Macdonaldtown"
695,19,17,20,20,5.3%,"Redfern, Erskineville and Macdonaldtown"
696,1,1,0,0,0.0%,"Redfern, Erskineville and Macdonaldtown"
697,20,21,22,22,10.0%,"Redfern, Erskineville and Macdonaldtown"
698,22,23,19,19,-13.6%,"Redfern, Erskineville and Macdonaldtown"
699,40,49,50,49,22.5%,"Redfern, Erskineville and Macdonaldtown"
700,17,17,13,13,-23.5%,"Redfern, Erskineville and Macdonaldtown"
701,0,0,0,0,0.0%,"Redfern, Erskineville and Macdonaldtown"
702,1,1,0,0,0.0%,"Redfern, Erskineville and Macdonaldtown"
703,0,1,1,1,0.0%,"Redfern, Erskineville and Macdonaldtown"
704,0,0,0,0,0.0%,"Redfern, Erskineville and Macdonaldtown"
705,0,1,1,0,0.0%,"Redfern, Erskineville and Macdonaldtown"
706,5,2,3,4,-20.0%,"Redfern, Erskineville and Macdonaldtown"
707,1,2,2,2,0.0%,"Redfern, Erskineville and Macdonaldtown"
708,1,1,1,1,0.0%,"Redfern, Erskineville and Macdonaldtown"
709,0,0,0,0,0.0%,"Redfern, Erskineville and Macdonaldtown"
710,1,1,1,1,0.0%,"Redfern, Erskineville and Macdonaldtown"
711,0,0,0,0,0.0%,"Redfern, Erskineville and Macdonaldtown"
712,1,1,1,1,0.0%,"Redfern, Erskineville and Macdonaldtown"
713,2,3,3,3,50.0%,"Redfern, Erskineville and Macdonaldtown"
714,3,4,1,1,-66.7%,"Redfern, Erskineville and Macdonaldtown"
715,5,4,5,4,-20.0%,"Redfern, Erskineville and Macdonaldtown"
716,1,1,1,1,0.0%,"Redfern, Erskineville and Macdonaldtown"
717,38,40,46,43,13.2%,"Redfern, Erskineville and Macdonaldtown"
718,17,13,23,17,0.0%,"Redfern, Erskineville and Macdonaldtown"
719,0,0,1,5,0.0%,"Redfern, Erskineville and Macdonaldtown"
720,2,2,2,2,0.0%,"Redfern, Erskineville and Macdonaldtown"
721,34,39,38,40,17.6%,"Redfern, Erskineville and Macdonaldtown"
722,0,0,0,0,0.0%,"Redfern, Erskineville and Macdonaldtown"
723,0,0,1,1,0.0%,"Redfern, Erskineville and Macdonaldtown"
724,0,0,0,0,0.0%,"Redfern, Erskineville and Macdonaldtown"
725,0,0,0,0,0.0%,"Redfern, Erskineville and Macdonaldtown"
726,0,0,0,0,0.0%,"Redfern, Erskineville and Macdonaldtown"
727,6,6,6,6,0.0%,"Redfern, Erskineville and Macdonaldtown"
728,2,3,2,3,50.0%,"Redfern, Erskineville and Macdonaldtown"
729,7,8,9,11,57.1%,"Redfern, Erskineville and Macdonaldtown"
730,12,10,11,12,0.0%,"Redfern, Erskineville and Macdonaldtown"
731,0,0,0,0,0.0%,"Redfern, Erskineville and Macdonaldtown"
732,5,5,5,5,0.0%,"Redfern, Erskineville and Macdonaldtown"
733,0,0,0,0,0.0%,"Redfern, Erskineville and Macdonaldtown"
734,0,1,1,0,0.0%,"Redfern, Erskineville and Macdonaldtown"
735,0,1,0,0,0.0%,"Redfern, Erskineville and Macdonaldtown"
736,0,0,0,0,0.0%,"Redfern, Erskineville and Macdonaldtown"
737,1,1,0,0,0.0%,"Redfern, Erskineville and Macdonaldtown"
738,0,0,0,0,0.0%,"Redfern, Erskineville and Macdonaldtown"
739,11,15,14,14,27.3%,"Redfern, Erskineville and Macdonaldtown"
740,9,15,11,13,44.4%,"Redfern, Erskineville and Macdonaldtown"
741,5,7,7,7,40.0%,"Redfern, Erskineville and Macdonaldtown"
742,0,0,0,0,0.0%,"Redfern, Erskineville and Macdonaldtown"
743,0,0,0,0,0.0%,"Redfern, Erskineville and Macdonaldtown"
744,0,0,0,0,0.0%,"Redfern, Erskineville and Macdonaldtown"
745,0,0,0,0,0.0%,"Redfern, Erskineville and Macdonaldtown"
746,2,1,2,1,-50.0%,"Redfern, Erskineville and Macdonaldtown"
747,6,8,9,10,66.7%,"Redfern, Erskineville and Macdonaldtown"
748,0,6,6,10,0.0%,"Redfern, Erskineville and Macdonaldtown"
751,1,1,0,0,0.0%,"Redfern, Erskineville and Macdonaldtown"
752,5,5,5,5,0.0%,"Redfern, Erskineville and Macdonaldtown"
753,4,4,4,1,-75.0%,"Redfern, Erskineville and Macdonaldtown"
754,1,1,1,1,0.0%,"Redfern, Erskineville and Macdonaldtown"
755,0,0,0,0,0.0%,"Redfern, Erskineville and Macdonaldtown"
756,0,0,0,0,0.0%,"Redfern, Erskineville and Macdonaldtown"
757,2,3,2,1,-50.0%,"Redfern, Erskineville and Macdonaldtown"
758,0,0,0,0,0.0%,"Redfern, Erskineville and Macdonaldtown"
759,0,0,0,0,0.0%,"Redfern, Erskineville and Macdonaldtown"
760,0,0,0,0,0.0%,"Redfern, Erskineville and Macdonaldtown"
761,0,0,0,0,0.0%,"Redfern, Erskineville and Macdonaldtown"
778,25,26,30,35,40.0%,"Redfern, Erskineville and Macdonaldtown"
779,14,21,26,17,21.4%,"Redfern, Erskineville and Macdonaldtown"
780,14,21,11,12,-14.3%,"Redfern, Erskineville and Macdonaldtown"
781,25,28,31,30,20.0%,"Redfern, Erskineville and Macdonaldtown"
782,3,3,6,7,133.3%,"Redfern, Erskineville and Macdonaldtown"
783,3,7,4,4,33.3%,"Redfern, Erskineville and Macdonaldtown"
784,1,0,27,31,0.0%,"Redfern, Erskineville and Macdonaldtown"
785,5,8,5,5,0.0%,"Redfern, Erskineville and Macdonaldtown"
787,12,14,22,18,50.0%,"Redfern, Erskineville and Macdonaldtown"
788,14,23,33,33,135.7%,"Redfern, Erskineville and Macdonaldtown"
789,17,17,19,19,11.8%,"Redfern, Erskineville and Macdonaldtown"
790,3,2,0,2,-33.3%,"Redfern, Erskineville and Macdonaldtown"
791,15,9,10,10,-33.3%,"Redfern, Erskineville and Macdonaldtown"
792,7,5,9,9,28.6%,"Redfern, Erskineville and Macdonaldtown"
793,7,7,6,7,0.0%,"Redfern, Erskineville and Macdonaldtown"
794,16,14,8,7,-56.3%,"Redfern, Erskineville and Macdonaldtown"
795,7,6,3,3,-57.1%,"Redfern, Erskineville and Macdonaldtown"
796,6,5,2,3,-50.0%,"Redfern, Erskineville and Macdonaldtown"
797,2,1,4,4,100.0%,"Redfern, Erskineville and Macdonaldtown"
798,3,4,3,3,0.0%,"Redfern, Erskineville and Macdonaldtown"
799,2,5,4,4,100.0%,"Redfern, Erskineville and Macdonaldtown"
800,3,15,9,15,400.0%,Camperdown
801,4,12,11,11,175.0%,Camperdown
802,2,3,3,6,200.0%,Camperdown
803,0,0,1,1,0.0%,Camperdown
804,0,0,0,0,0.0%,Camperdown
805,0,0,0,0,0.0%,Camperdown
806,2,6,3,4,100.0%,Camperdown
807,2,1,6,6,200.0%,Camperdown
809,5,12,10,12,140.0%,Camperdown
810,10,10,10,11,10.0%,Camperdown
811,29,13,14,14,-51.7%,Camperdown
812,0,0,0,0,0.0%,Camperdown
813,2,0,1,1,-50.0%,Camperdown
814,6,1,3,2,-66.7%,Camperdown
815,2,6,4,3,50.0%,Camperdown
816,4,5,5,5,25.0%,Camperdown
817,1,0,0,0,0.0%,Camperdown
818,1,1,1,1,0.0%,Camperdown
819,13,13,8,8,-38.5%,Camperdown
820,4,3,5,5,25.0%,Camperdown
821,17,10,15,15,-11.8%,Camperdown
822,2,2,4,4,100.0%,Camperdown
823,7,7,8,8,14.3%,Camperdown
824,1,1,1,1,0.0%,Camperdown
826,9,10,7,7,-22.2%,Camperdown
827,11,11,10,10,-9.1%,Camperdown
828,7,8,6,6,-14.3%,Camperdown
829,13,15,15,14,7.7%,Camperdown
830,10,10,12,13,30.0%,Camperdown
831,0,0,1,1,0.0%,Camperdown
832,6,6,6,6,0.0%,Camperdown
833,11,8,8,8,-27.3%,Camperdown
834,0,5,6,6,0.0%,Camperdown
835,10,14,11,11,10.0%,Camperdown
836,2,4,3,2,0.0%,Camperdown
837,4,1,1,1,-75.0%,Camperdown
838,10,8,7,7,-30.0%,Camperdown
839,19,23,30,30,57.9%,Glebe
840,6,10,7,7,16.7%,Glebe
841,5,5,6,6,20.0%,Glebe
842,0,0,0,0,0.0%,Glebe
843,1,8,7,7,0.0%,Glebe
844,13,14,10,10,-23.1%,Glebe
845,0,6,8,8,0.0%,Glebe
846,0,0,0,0,0.0%,Camperdown
847,0,0,0,0,0.0%,Camperdown
848,0,0,0,0,0.0%,Camperdown
849,13,14,14,16,23.1%,Camperdown
850,10,11,10,11,10.0%,Camperdown
851,1,0,1,1,0.0%,Camperdown
852,0,0,0,0,0.0%,Camperdown
853,0,0,0,0,0.0%,Camperdown
854,0,0,0,0,0.0%,Camperdown
855,0,0,0,0,0.0%,Camperdown
856,2,1,1,1,-50.0%,Camperdown
857,14,15,13,13,-7.1%,Camperdown
858,16,22,21,21,31.3%,Camperdown
859,1,1,1,1,0.0%,Camperdown
860,18,24,25,25,38.9%,Camperdown
861,18,18,15,15,-16.7%,Camperdown
863,98,100,96,113,15.3%,Camperdown
868,7,6,6,6,-14.3%,Camperdown
869,0,0,0,0,0.0%,Camperdown
870,8,8,8,8,0.0%,Camperdown
901,194,204,176,162,-16.5%,Glebe
902,23,30,30,29,26.1%,Glebe
903,5,6,6,5,0.0%,Glebe
904,6,7,6,4,-33.3%,Glebe
905,6,7,2,1,-83.3%,Glebe
906,0,0,0,0,0.0%,Glebe
907,0,0,0,0,0.0%,Glebe
908,1,1,1,1,0.0%,Glebe
909,0,0,0,0,0.0%,Glebe
910,0,0,0,0,0.0%,Glebe
911,20,20,20,20,0.0%,Glebe
912,6,9,9,8,33.3%,Glebe
913,29,29,32,31,6.9%,Glebe
914,0,0,0,0,0.0%,Glebe
915,2,5,4,3,50.0%,Glebe
916,5,4,4,3,-40.0%,Glebe
917,10,14,18,20,100.0%,Glebe
918,1,1,1,1,0.0%,Glebe
919,6,7,15,12,100.0%,Glebe
920,8,7,8,10,25.0%,Glebe
921,1,1,4,3,0.0%,Glebe
922,0,0,1,1,0.0%,Glebe
923,0,0,0,0,0.0%,Glebe
924,12,12,10,10,-16.7%,Glebe
925,26,39,35,34,30.8%,Glebe
926,1,1,1,1,0.0%,Glebe
927,1,0,0,1,0.0%,Glebe
928,0,0,0,0,0.0%,Glebe
929,0,0,0,0,0.0%,Glebe
930,0,0,0,0,0.0%,Glebe
931,2,2,2,1,-50.0%,Glebe
932,2,8,4,4,100.0%,Glebe
933,0,0,0,0,0.0%,Glebe
934,0,0,0,0,0.0%,Glebe
935,1,3,2,2,0.0%,Glebe
936,0,0,0,0,0.0%,Glebe
937,11,10,6,6,-45.5%,Glebe
938,2,1,5,5,150.0%,Glebe
939,1,1,1,1,0.0%,Glebe
940,1,1,1,1,0.0%,Glebe
941,2,5,5,5,150.0%,Glebe
942,6,4,5,5,-16.7%,Glebe
943,0,0,0,0,0.0%,Glebe
944,0,0,0,0,0.0%,Glebe
945,10,10,10,10,0.0%,Glebe
946,4,2,4,4,0.0%,Glebe
947,3,4,4,4,33.3%,Glebe
948,21,24,24,23,9.5%,Glebe
949,3,2,3,3,0.0%,Glebe
950,0,0,2,2,0.0%,Glebe
951,16,16,15,15,-6.3%,Glebe
952,14,12,12,12,-14.3%,Glebe
953,2,5,5,5,150.0%,Glebe
954,0,0,0,0,0.0%,Glebe
955,0,0,0,0,0.0%,Glebe
956,0,4,0,0,0.0%,Glebe
957,0,0,0,0,0.0%,Glebe
958,9,36,48,48,433.3%,Glebe
959,3,3,6,6,100.0%,Glebe
960,0,0,0,0,0.0%,Glebe
961,1,1,1,1,0.0%,Glebe
962,0,0,0,0,0.0%,Glebe
963,0,0,0,0,0.0%,Glebe
964,0,0,0,0,0.0%,Glebe
965,2,4,5,5,150.0%,Glebe
966,0,0,0,0,0.0%,Glebe
967,1,1,4,4,0.0%,Glebe
969,0,0,0,0,0.0%,Glebe
970,0,0,0,0,0.0%,Glebe
971,0,0,0,0,0.0%,Glebe
972,0,0,0,0,0.0%,Glebe
973,3,5,4,4,33.3%,Glebe
974,1,1,1,4,0.0%,Glebe
975,2,2,1,1,-50.0%,Glebe
976,13,12,8,8,-38.5%,Glebe
977,24,25,20,18,-25.0%,Glebe
978,0,0,0,0,0.0%,Glebe
979,1,1,1,1,0.0%,Glebe
980,2,2,5,3,50.0%,Glebe
981,0,0,0,0,0.0%,Glebe
982,7,10,10,9,28.6%,Glebe
983,0,0,0,0,0.0%,Glebe
984,3,3,1,1,-66.7%,Glebe
985,0,0,0,0,0.0%,Glebe
986,0,0,0,0,0.0%,Glebe
987,0,1,0,2,0.0%,Glebe
988,0,0,0,0,0.0%,Glebe
989,1,1,1,1,0.0%,Glebe
990,4,4,3,3,-25.0%,Glebe
991,0,0,0,0,0.0%,Glebe
992,5,6,6,6,20.0%,Glebe
993,2,1,1,1,-50.0%,Glebe
995,5,5,4,3,-40.0%,Glebe
997,0,0,0,1,0.0%,Glebe
1000,3,3,0,0,-100.0%,Alexandria
1001,9,12,11,11,22.2%,Alexandria
1002,11,9,6,3,-72.7%,Alexandria
1003,41,43,9,0,-100.0%,Alexandria
1004,1,1,1,1,0.0%,Alexandria
1005,1,1,1,1,0.0%,Alexandria
1006,2,2,2,2,0.0%,Alexandria
1007,0,0,0,0,0.0%,Alexandria
1008,3,3,5,4,33.3%,Alexandria
1009,0,0,0,0,0.0%,Alexandria
1010,0,0,0,0,0.0%,Alexandria
1011,7,6,6,7,0.0%,Alexandria
1012,2,1,3,2,0.0%,Alexandria
1013,9,8,7,9,0.0%,Alexandria
1014,5,3,4,4,-20.0%,Alexandria
1015,2,2,2,1,-50.0%,Alexandria
1016,12,12,14,8,-33.3%,Alexandria
1017,2,2,1,2,0.0%,Alexandria
1018,5,3,1,1,-80.0%,Alexandria
1019,1,2,1,1,0.0%,Alexandria
1020,1,1,1,1,0.0%,Alexandria
1021,0,0,0,0,0.0%,Alexandria
1022,0,0,0,0,0.0%,Alexandria
1023,1,1,1,1,0.0%,Alexandria
1024,4,4,4,4,0.0%,Alexandria
1025,5,4,5,5,0.0%,Alexandria
1026,0,0,0,0,0.0%,Alexandria
1027,7,7,5,5,-28.6%,Alexandria
1028,3,3,1,1,-66.7%,Alexandria
1029,1,2,1,1,0.0%,Alexandria
1030,21,20,31,32,52.4%,Alexandria
1031,4,5,4,4,0.0%,Alexandria
1032,9,6,6,6,-33.3%,Alexandria
1033,0,0,0,0,0.0%,Alexandria
1034,1,2,2,2,0.0%,Alexandria
1035,4,8,8,8,100.0%,Alexandria
1036,2,3,2,2,0.0%,Alexandria
1037,33,30,22,22,-33.3%,Alexandria
1038,19,17,16,16,-15.8%,Alexandria
1039,7,13,11,13,85.7%,Alexandria
1040,3,4,4,2,-33.3%,Alexandria
1041,6,6,5,6,0.0%,Alexandria
1042,0,0,0,0,0.0%,Alexandria
1043,11,18,28,22,100.0%,Alexandria
1044,2,9,3,3,50.0%,Alexandria
1045,0,1,1,1,0.0%,Alexandria
1046,2,2,2,2,0.0%,Alexandria
1047,0,0,0,0,0.0%,Alexandria
1048,0,0,0,0,0.0%,Alexandria
1049,5,5,5,4,-20.0%,Alexandria
1050,4,5,5,6,50.0%,Alexandria
1051,1,1,1,1,0.0%,Alexandria
1052,3,4,5,5,66.7%,Alexandria
1053,3,3,3,3,0.0%,Alexandria
1054,0,0,0,0,0.0%,Alexandria
1055,6,4,6,6,0.0%,Alexandria
1056,6,6,2,5,-16.7%,Alexandria
1057,24,31,27,28,16.7%,Alexandria
1058,2,4,4,4,100.0%,Alexandria
1059,18,27,41,40,122.2%,Alexandria
1060,1,17,19,17,0.0%,Alexandria
1061,22,40,38,19,-13.6%,Alexandria
1062,12,12,11,12,0.0%,Alexandria
1063,2,4,4,4,100.0%,Alexandria
1064,17,25,25,10,-41.2%,Alexandria
1065,14,19,22,22,57.1%,Alexandria
1066,7,8,7,7,0.0%,Alexandria
1067,33,32,17,5,-84.8%,Alexandria
1069,4,8,12,15,275.0%,Alexandria
1070,7,6,9,8,14.3%,Alexandria
1071,2,3,4,1,-50.0%,Alexandria
1072,1,2,3,3,0.0%,Alexandria
1073,0,1,1,1,0.0%,Alexandria
1074,0,1,1,1,0.0%,Alexandria
1075,0,1,4,4,0.0%,Alexandria
1076,1,0,58,58,0.0%,Alexandria
1077,0,1,5,5,0.0%,Alexandria
1078,19,25,19,20,5.3%,Alexandria
1080,42,35,30,4,-90.5%,Alexandria
1081,2,2,4,4,100.0%,Alexandria
1082,8,9,6,12,50.0%,Alexandria
1083,8,13,12,11,37.5%,Alexandria
1084,11,10,11,11,0.0%,Alexandria
1085,18,15,0,0,-100.0%,Alexandria
1086,9,13,7,7,-22.2%,Alexandria
1087,11,15,12,10,-9.1%,Alexandria
1088,19,13,24,27,42.1%,Alexandria
1089,3,14,15,17,466.7%,Alexandria
1090,78,90,86,99,26.9%,Alexandria
1091,7,12,16,5,-28.6%,Alexandria
1092,24,20,17,17,-29.2%,Alexandria
1093,46,59,63,58,26.1%,Alexandria
1094,19,20,24,24,26.3%,Alexandria
1095,118,132,159,159,34.7%,Alexandria
1096,10,12,12,19,90.0%,Alexandria
1097,17,25,21,16,-5.9%,Alexandria
1098,11,9,9,9,-18.2%,Alexandria
1099,2,2,2,2,0.0%,Alexandria
1100,7,9,5,6,-14.3%,Alexandria
1101,18,22,28,24,33.3%,Alexandria
1102,18,28,31,44,144.4%,Alexandria
1103,11,9,7,10,-9.1%,Alexandria
1104,7,6,9,7,0.0%,Alexandria
1105,5,5,6,8,60.0%,Alexandria
1106,18,19,25,21,16.7%,Alexandria
1107,2,2,1,1,-50.0%,Alexandria
1108,10,13,7,6,-40.0%,Alexandria
1109,7,7,3,2,-71.4%,Alexandria
1110,22,22,25,22,0.0%,Alexandria
1111,14,15,15,10,-28.6%,Alexandria
1112,8,12,10,9,12.5%,Alexandria
1113,0,0,3,3,0.0%,Alexandria
1114,11,11,4,4,-63.6%,Alexandria
1115,8,11,8,1,-87.5%,Alexandria
1116,17,19,21,16,-5.9%,Alexandria
1117,11,11,13,16,45.5%,Alexandria
1118,17,43,59,41,141.2%,Alexandria
1119,0,0,0,0,0.0%,Alexandria
1120,1,4,6,8,0.0%,Alexandria
1121,23,23,6,8,-65.2%,Alexandria
1122,25,35,10,8,-68.0%,Alexandria
1123,14,14,10,8,-42.9%,Alexandria
1124,0,0,0,0,0.0%,Alexandria
1125,0,0,0,0,0.0%,Alexandria
1126,2,1,1,2,0.0%,Alexandria
1127,7,7,6,6,-14.3%,Alexandria
1128,0,0,0,0,0.0%,Alexandria
1129,0,0,0,0,0.0%,Alexandria
1130,0,0,0,0,0.0%,Alexandria
1131,0,0,0,0,0.0%,Alexandria
1132,3,2,2,2,-33.3%,Alexandria
1133,1,1,1,1,0.0%,Alexandria
1134,0,0,0,0,0.0%,Alexandria
1135,2,2,3,2,0.0%,Alexandria
1136,0,0,0,0,0.0%,Alexandria
1137,0,0,2,2,0.0%,Alexandria
1138,0,0,0,0,0.0%,Alexandria
1139,2,1,19,30,1400.0%,Alexandria
1140,5,11,43,42,740.0%,Alexandria
1141,25,25,26,27,8.0%,Alexandria
1142,1,0,0,0,0.0%,Alexandria
1143,63,63,58,55,-12.7%,Alexandria
1144,0,1,1,1,0.0%,Alexandria
1145,0,0,0,1,0.0%,Alexandria
1146,0,0,0,0,0.0%,Alexandria
1147,0,0,0,0,0.0%,Alexandria
1148,27,27,33,23,-14.8%,Alexandria
1149,25,33,25,26,4.0%,Alexandria
1150,28,31,10,12,-57.1%,Alexandria
1151,11,23,14,20,81.8%,Alexandria
1152,48,73,70,69,43.8%,Alexandria
1153,76,91,101,101,32.9%,Alexandria
1154,62,68,71,70,12.9%,Alexandria
1155,76,107,134,146,92.1%,Alexandria
1156,58,63,143,146,151.7%,Alexandria
1157,128,140,127,74,-42.2%,Alexandria
1158,57,54,56,15,-73.7%,Alexandria
1159,41,44,46,46,12.2%,Alexandria
1160,2,2,1,1,-50.0%,Alexandria
1161,12,16,6,6,-50.0%,Alexandria
1163,12,17,9,8,-33.3%,Alexandria
1164,3,3,3,3,0.0%,Alexandria
1201,1,1,1,1,0.0%,Zetland
1202,0,0,0,0,0.0%,Zetland
1203,0,0,0,0,0.0%,Zetland
1204,1,1,1,1,0.0%,Zetland
1205,0,0,0,0,0.0%,Zetland
1206,0,0,0,0,0.0%,Zetland
1207,0,0,0,0,0.0%,Zetland
1208,2,3,3,3,50.0%,Zetland
1209,3,4,5,5,66.7%,Zetland
1210,0,0,0,0,0.0%,Zetland
1211,0,0,0,0,0.0%,Zetland
1212,3,4,4,4,33.3%,Zetland
1213,7,6,3,3,-57.1%,Zetland
1214,7,8,7,7,0.0%,Zetland
1215,0,0,0,0,0.0%,Zetland
1216,0,2,1,1,0.0%,Zetland
