blocknum,fulltime_2007,fulltime_2012,fulltime_2017,fulltime_2022,fulltimejob_growth_2007_2022_pct,suburb
1,12,41,46,52,333.3%,"Sydney CBD"
2,94,128,167,76,-19.1%,"Sydney CBD"
4,1,4,7,11,0.0%,"Sydney CBD"
5,465,1381,1200,1061,128.2%,"Sydney CBD"
6,207,15,291,12,-94.2%,"Sydney CBD"
7,3,3,10,0,-100.0%,"Sydney CBD"
8,159,159,131,10,-93.7%,"Sydney CBD"
9,107,122,99,106,-0.9%,"Sydney CBD"
10,81,78,96,56,-30.9%,"Sydney CBD"
11,4763,5261,5888,5294,11.1%,"Sydney CBD"
12,305,259,458,431,41.3%,"Sydney CBD"
13,55,55,0,0,-100.0%,"Sydney CBD"
14,65,107,78,72,10.8%,"Sydney CBD"
15,138,140,178,226,63.8%,"Sydney CBD"
16,364,588,826,653,79.4%,"Sydney CBD"
17,18,40,40,44,144.4%,"Sydney CBD"
18,850,912,307,344,-59.5%,"Sydney CBD"
19,360,333,101,294,-18.3%,"Sydney CBD"
20,237,327,249,350,47.7%,"Sydney CBD"
21,834,780,264,242,-71.0%,"Sydney CBD"
22,156,164,373,299,91.7%,"Sydney CBD"
23,313,176,260,253,-19.2%,"Sydney CBD"
24,75,64,120,127,69.3%,"Sydney CBD"
25,469,629,538,671,43.1%,"Sydney CBD"
26,3409,3446,5450,5809,70.4%,"Sydney CBD"
27,944,491,690,746,-21.0%,"Sydney CBD"
28,5253,5350,6461,1920,-63.4%,"Sydney CBD"
29,2900,4354,4232,3727,28.5%,"Sydney CBD"
30,748,1000,628,66,-91.2%,"Sydney CBD"
31,4556,4003,4006,3893,-14.6%,"Sydney CBD"
32,213,694,644,552,159.2%,"Sydney CBD"
33,796,744,944,1070,34.4%,"Sydney CBD"
34,2602,5269,4072,5586,114.7%,"Sydney CBD"
35,4393,3398,2375,2221,-49.4%,"Sydney CBD"
36,1369,1274,1940,1745,27.5%,"Sydney CBD"
37,415,279,260,0,-100.0%,"Sydney CBD"
38,579,451,703,0,-100.0%,"Sydney CBD"
39,3481,4024,5616,5629,61.7%,"Sydney CBD"
40,4161,4145,5097,5155,23.9%,"Sydney CBD"
41,4625,4846,4396,2999,-35.2%,"Sydney CBD"
42,1122,1809,1949,1317,17.4%,"Sydney CBD"
43,3216,2498,5003,4182,30.0%,"Sydney CBD"
44,2488,1581,2697,2815,13.1%,"Sydney CBD"
45,2995,3151,4496,4129,37.9%,"Sydney CBD"
46,1988,3236,3767,3635,82.8%,"Sydney CBD"
47,443,479,390,622,40.4%,"Sydney CBD"
48,3462,2748,3028,4046,16.9%,"Sydney CBD"
49,3246,5170,4650,9933,206.0%,"Sydney CBD"
50,2296,2572,2102,2238,-2.5%,"Sydney CBD"
51,1480,1466,3129,2269,53.3%,"Sydney CBD"
52,160,174,48,70,-56.3%,"Sydney CBD"
53,3285,2304,2929,2807,-14.6%,"Sydney CBD"
54,5511,6746,8079,7136,29.5%,"Sydney CBD"
55,6297,6473,5681,5690,-9.6%,"Sydney CBD"
56,2592,580,2079,2027,-21.8%,"Sydney CBD"
57,2730,2168,2676,1611,-41.0%,"Sydney CBD"
58,3634,3552,3693,4576,25.9%,"Sydney CBD"
59,2142,1912,1799,1501,-29.9%,"Sydney CBD"
60,149,149,234,204,36.9%,"Sydney CBD"
61,4492,4575,5051,4000,-11.0%,"Sydney CBD"
62,2703,2049,2066,2810,4.0%,"Sydney CBD"
63,1206,1232,1552,1637,35.7%,"Sydney CBD"
64,825,1189,2010,1206,46.2%,"Sydney CBD"
65,822,746,954,764,-7.1%,"Sydney CBD"
66,2955,2852,3571,3709,25.5%,"Sydney CBD"
67,6441,6073,6104,5664,-12.1%,"Sydney CBD"
68,4273,3086,6429,6805,59.3%,"Sydney CBD"
69,2981,2451,2076,2392,-19.8%,"Sydney CBD"
70,1131,1063,1078,1296,14.6%,"Sydney CBD"
71,2704,2664,3298,3287,21.6%,"Sydney CBD"
72,226,233,445,295,30.5%,"Sydney CBD"
73,3819,4465,4085,4411,15.5%,"Sydney CBD"
74,1358,1516,1552,1602,18.0%,"Sydney CBD"
75,2971,2159,3461,3229,8.7%,"Sydney CBD"
76,1690,2777,3337,3216,90.3%,"Sydney CBD"
77,3895,5480,5915,6238,60.2%,"Sydney CBD"
78,4350,4130,7170,7391,69.9%,"Sydney CBD"
79,359,258,205,638,77.7%,"Sydney CBD"
80,1503,1202,1665,1528,1.7%,"Sydney CBD"
81,43,33,38,37,-14.0%,"Sydney CBD"
82,149,104,80,44,-70.5%,"Sydney CBD"
83,9811,9894,8355,9075,-7.5%,"Sydney CBD"
85,2519,2720,2429,2645,5.0%,"Sydney CBD"
86,658,637,699,875,33.0%,"Sydney CBD"
87,1946,2441,2927,3019,55.1%,"Sydney CBD"
88,380,398,278,377,-0.8%,"Sydney CBD"
89,6640,7079,9773,6895,3.8%,"Sydney CBD"
90,2957,2641,8041,5620,90.1%,"Sydney CBD"
91,1829,2300,1950,1982,8.4%,"Sydney CBD"
93,118,182,147,114,-3.4%,"Sydney CBD"
94,1150,1101,1013,896,-22.1%,"Sydney CBD"
95,1913,1368,1679,1608,-15.9%,"Sydney CBD"
96,1735,2440,2258,2890,66.6%,"Sydney CBD"
97,2242,2314,1502,1715,-23.5%,"Sydney CBD"
98,2391,2295,2442,1669,-30.2%,"Sydney CBD"
100,84,84,135,144,71.4%,"Sydney CBD"
101,23,23,29,33,43.5%,"Sydney CBD"
102,15,9,17,12,-20.0%,"Sydney CBD"
103,147,251,280,299,103.4%,"Sydney CBD"
104,203,237,265,273,34.5%,"Sydney CBD"
105,18,17,10,11,-38.9%,"Sydney CBD"
106,79,85,73,78,-1.3%,"Sydney CBD"
108,15,22,27,26,73.3%,"Sydney CBD"
109,19,26,14,38,100.0%,"Sydney CBD"
110,255,267,185,236,-7.5%,"Sydney CBD"
111,574,826,679,907,58.0%,"Sydney CBD"
113,2336,5752,6419,6548,180.3%,"Sydney CBD"
114,426,503,420,454,6.6%,"Sydney CBD"
115,482,375,327,323,-33.0%,"Sydney CBD"
116,519,1000,1197,1167,124.9%,"Sydney CBD"
118,5,61,78,97,1840.0%,"Sydney CBD"
119,475,557,586,400,-15.8%,"Sydney CBD"
120,593,560,614,427,-28.0%,"Sydney CBD"
121,3220,2034,1975,1896,-41.1%,"Sydney CBD"
122,76,61,42,20,-73.7%,"Sydney CBD"
123,343,465,447,296,-13.7%,"Sydney CBD"
124,4094,3545,4025,3197,-21.9%,"Sydney CBD"
125,2533,3200,2664,2358,-6.9%,"Sydney CBD"
126,4949,6389,6966,3743,-24.4%,"Sydney CBD"
127,2388,2116,2832,1839,-23.0%,"Sydney CBD"
128,874,677,878,908,3.9%,"Sydney CBD"
129,703,697,231,202,-71.3%,"Sydney CBD"
130,2713,2577,3011,3280,20.9%,"Sydney CBD"
131,145,189,191,212,46.2%,"Sydney CBD"
132,99,83,37,229,131.3%,"Sydney CBD"
133,30,50,81,85,183.3%,"Sydney CBD"
135,53,54,136,84,58.5%,"Sydney CBD"
136,127,134,249,168,32.3%,"Sydney CBD"
137,347,720,709,513,47.8%,"Sydney CBD"
138,298,310,410,137,-54.0%,"Sydney CBD"
139,279,284,323,234,-16.1%,"Sydney CBD"
140,1742,1132,2216,1705,-2.1%,"Sydney CBD"
141,0,4,3,3,0.0%,"Sydney CBD"
142,74,50,74,62,-16.2%,"Sydney CBD"
144,279,391,426,319,14.3%,"Sydney CBD"
145,461,781,823,569,23.4%,"Sydney CBD"
147,1188,1313,1757,1298,9.3%,"Sydney CBD"
148,298,307,266,250,-16.1%,"Sydney CBD"
149,140,133,119,116,-17.1%,"Sydney CBD"
150,27,25,28,37,37.0%,"Sydney CBD"
151,203,224,164,162,-20.2%,"Sydney CBD"
152,205,208,237,134,-34.6%,"Sydney CBD"
153,832,834,849,494,-40.6%,"Sydney CBD"
154,101,111,115,77,-23.8%,"Sydney CBD"
155,23,28,44,44,91.3%,"Sydney CBD"
156,2286,2286,4017,1492,-34.7%,"Sydney CBD"
157,0,12,7,15,0.0%,"Sydney CBD"
158,1409,1456,2000,1318,-6.5%,"Sydney CBD"
159,80,92,106,92,15.0%,"Sydney CBD"
161,98,6648,5984,6124,6149.0%,"Sydney CBD"
162,611,712,452,233,-61.9%,"Sydney CBD"
163,3,3,928,1135,37733.3%,"Sydney CBD"
164,561,686,431,347,-38.1%,"Sydney CBD"
165,1774,1505,2042,1997,12.6%,"Sydney CBD"
166,70,45,405,463,561.4%,"Sydney CBD"
167,83,227,277,110,32.5%,"Sydney CBD"
168,337,399,223,310,-8.0%,"Sydney CBD"
169,0,38,102,105,0.0%,"Sydney CBD"
170,12,12,65,40,233.3%,"Sydney CBD"
171,32,26,33,19,-40.6%,"Sydney CBD"
172,331,335,63,53,-84.0%,"Sydney CBD"
173,165,165,121,87,-47.3%,"Sydney CBD"
174,212,210,26,23,-89.2%,"Sydney CBD"
175,638,669,665,542,-15.0%,"Sydney CBD"
176,70,92,142,230,228.6%,"Sydney CBD"
177,6,14,37,13,116.7%,"Sydney CBD"
178,113,130,42,55,-51.3%,"Sydney CBD"
179,893,1246,1332,1172,31.2%,"Sydney CBD"
180,230,233,267,250,8.7%,"Sydney CBD"
181,1606,935,1720,2897,80.4%,"Sydney CBD"
182,1017,1347,769,861,-15.3%,"Sydney CBD"
183,424,1291,1342,968,128.3%,"Sydney CBD"
184,465,685,1023,583,25.4%,"Sydney CBD"
185,534,518,474,284,-46.8%,"Sydney CBD"
186,192,223,230,213,10.9%,"Sydney CBD"
187,110,122,106,379,244.5%,"Sydney CBD"
188,100,69,190,146,46.0%,"Sydney CBD"
189,5,5,71,49,880.0%,"Sydney CBD"
190,5,5,22,0,-100.0%,"Sydney CBD"
191,76,149,124,154,102.6%,"Sydney CBD"
192,30,81,52,77,156.7%,"Sydney CBD"
193,17,14,13,19,11.8%,"Sydney CBD"
194,0,0,0,0,0.0%,"Sydney CBD"
195,38,29,56,28,-26.3%,"Sydney CBD"
196,324,446,736,666,105.6%,"Sydney CBD"
198,0,1,2,0,0.0%,"Sydney CBD"
199,0,0,0,0,0.0%,"Sydney CBD"
200,21,18,0,6,-71.4%,"Sydney CBD"
201,0,14,8,6,0.0%,"Sydney CBD"
203,351,593,500,394,12.3%,"Sydney CBD"
204,47,53,47,33,-29.8%,"Sydney CBD"
205,26,26,28,21,-19.2%,"Sydney CBD"
206,510,183,440,283,-44.5%,"Sydney CBD"
207,18,43,27,51,183.3%,"Sydney CBD"
208,116,209,420,222,91.4%,"Sydney CBD"
209,70,93,36,24,-65.7%,"Sydney CBD"
210,304,365,450,229,-24.7%,"Sydney CBD"
211,28,31,41,14,-50.0%,"Sydney CBD"
212,1491,1416,2474,2683,79.9%,"Sydney CBD"
213,95,103,87,52,-45.3%,"Sydney CBD"
214,34,56,73,46,35.3%,"Sydney CBD"
215,1083,2593,2444,2030,87.4%,"Sydney CBD"
216,442,467,471,1403,217.4%,"Sydney CBD"
217,343,401,254,77,-77.6%,"Sydney CBD"
218,82,106,94,63,-23.2%,"Sydney CBD"
219,0,554,481,517,0.0%,"Sydney CBD"
220,34,165,181,73,114.7%,"Sydney CBD"
223,272,311,281,248,-8.8%,"Sydney CBD"
225,81,85,40,32,-60.5%,"Sydney CBD"
226,1086,1212,1323,1479,36.2%,"Sydney CBD"
227,0,0,0,0,0.0%,"Sydney CBD"
228,7,7,9,10,42.9%,"Sydney CBD"
229,103,62,68,67,-35.0%,"Sydney CBD"
230,21,58,49,855,3971.4%,"Sydney CBD"
231,2,22,39,35,1650.0%,"Sydney CBD"
232,2,4,9,20,900.0%,"Sydney CBD"
233,787,1199,1419,968,23.0%,"Sydney CBD"
234,678,3307,5193,3923,478.6%,"Sydney CBD"
235,0,4,4,4,0.0%,"Sydney CBD"
236,0,0,0,2,0.0%,"Sydney CBD"
237,1,231,197,199,0.0%,"Sydney CBD"
238,234,502,407,738,215.4%,"Sydney CBD"
239,175,233,376,250,42.9%,"Sydney CBD"
240,0,1,1,3,0.0%,"Sydney CBD"
241,649,599,278,158,-75.7%,"Sydney CBD"
300,200,171,139,141,-29.5%,"Pott Point"
301,16,16,15,17,6.3%,"Pott Point"
302,34,35,36,12,-64.7%,"Pott Point"
303,51,38,49,43,-15.7%,"Pott Point"
304,2,2,2,2,0.0%,"Pott Point"
305,33,33,230,239,624.2%,"Pott Point"
306,13,9,12,14,7.7%,"Pott Point"
307,1230,646,1042,1129,-8.2%,"Pott Point"
308,807,706,979,1071,32.7%,"Pott Point"
309,0,0,0,0,0.0%,"Pott Point"
310,0,0,0,0,0.0%,"Pott Point"
311,0,0,0,0,0.0%,"Pott Point"
312,0,0,0,0,0.0%,"Pott Point"
313,0,0,0,0,0.0%,"Pott Point"
314,27,27,22,34,25.9%,"Pott Point"
315,231,231,219,145,-37.2%,"Pott Point"
316,56,57,60,51,-8.9%,"Pott Point"
317,31,31,21,44,41.9%,"Pott Point"
318,17,44,24,61,258.8%,"Pott Point"
319,6,2,0,2,-66.7%,"Pott Point"
320,116,115,84,105,-9.5%,"Pott Point"
321,11,226,181,233,2018.2%,"Pott Point"
322,11,23,18,8,-27.3%,"Pott Point"
323,65,66,38,36,-44.6%,"Pott Point"
324,156,187,55,78,-50.0%,"Pott Point"
325,46,27,11,15,-67.4%,"Pott Point"
326,72,150,108,135,87.5%,"Pott Point"
327,11,31,28,19,72.7%,"Pott Point"
328,0,0,0,0,0.0%,"Pott Point"
329,69,31,22,28,-59.4%,"Pott Point"
330,24,19,13,16,-33.3%,"Pott Point"
331,17,19,32,16,-5.9%,"Pott Point"
332,9,9,3,4,-55.6%,"Pott Point"
333,13,10,8,5,-61.5%,"Pott Point"
334,0,0,0,0,0.0%,"Pott Point"
335,0,0,0,6,0.0%,"Pott Point"
336,57,66,45,12,-78.9%,"Pott Point"
337,51,202,210,207,305.9%,"Pott Point"
338,415,271,484,400,-3.6%,"Pott Point"
339,588,614,949,664,12.9%,"Pott Point"
340,26,22,26,16,-38.5%,"Pott Point"
341,0,0,0,0,0.0%,"Pott Point"
342,1,2,2,0,0.0%,"Pott Point"
343,24,32,23,39,62.5%,"Pott Point"
344,2,6,4,3,50.0%,"Pott Point"
345,26,14,25,45,73.1%,"Pott Point"
346,74,18,11,0,-100.0%,"Pott Point"
347,3,6,16,14,366.7%,"Pott Point"
348,6,23,37,26,333.3%,"Pott Point"
349,42,35,60,70,66.7%,"Pott Point"
350,1198,619,1139,1122,-6.3%,"Pott Point"
351,51,67,126,48,-5.9%,"Pott Point"
352,4,12,26,26,550.0%,"Pott Point"
353,33,29,28,19,-42.4%,"Pott Point"
354,156,187,172,201,28.8%,"Pott Point"
355,16,17,13,12,-25.0%,"Pott Point"
356,3,3,0,3,0.0%,"Pott Point"
357,537,447,621,580,8.0%,"Pott Point"
360,426,311,533,642,50.7%,"Moore Park"
361,899,841,755,1387,54.3%,"Moore Park"
362,515,663,469,597,15.9%,"Moore Park"
363,9,7,40,24,166.7%,"Moore Park"
370,633,633,432,441,-30.3%,"Moore Park"
371,41,45,52,51,24.4%,"Moore Park"
372,1,2,4,2,0.0%,"Moore Park"
373,230,286,206,243,5.7%,"Moore Park"
374,1,1,0,0,0.0%,"Moore Park"
375,12,16,26,20,66.7%,"Moore Park"
376,7,3,0,2,-71.4%,"Moore Park"
377,0,0,0,0,0.0%,"Moore Park"
378,0,0,0,0,0.0%,"Moore Park"
379,0,0,0,3,0.0%,"Moore Park"
380,0,0,0,0,0.0%,"Moore Park"
381,10,8,5,9,-10.0%,"Moore Park"
382,8,3,4,10,25.0%,"Moore Park"
383,49,65,67,88,79.6%,"Moore Park"
384,15,22,16,26,73.3%,"Moore Park"
385,7,7,9,6,-14.3%,"Moore Park"
386,0,0,0,0,0.0%,"Moore Park"
387,0,0,0,0,0.0%,"Moore Park"
388,0,0,0,0,0.0%,"Moore Park"
389,8,8,8,8,0.0%,"Moore Park"
390,0,0,0,0,0.0%,"Moore Park"
391,156,156,147,165,5.8%,"Moore Park"
392,29,40,38,23,-20.7%,"Moore Park"
393,15,12,18,0,-100.0%,"Moore Park"
394,1,1,4,5,0.0%,"Moore Park"
395,0,0,0,0,0.0%,"Moore Park"
396,0,0,0,0,0.0%,"Moore Park"
398,175,269,159,180,2.9%,"Moore Park"
399,3,3,0,1,-66.7%,"Moore Park"
400,3,3,9,5,66.7%,"Darlinghurst and Surry Hill"
401,59,144,172,85,44.1%,"Darlinghurst and Surry Hill"
402,67,67,92,35,-47.8%,"Darlinghurst and Surry Hill"
403,164,167,177,125,-23.8%,"Darlinghurst and Surry Hill"
404,68,57,85,40,-41.2%,"Darlinghurst and Surry Hill"
405,21,16,16,14,-33.3%,"Darlinghurst and Surry Hill"
406,28,38,45,47,67.9%,"Darlinghurst and Surry Hill"
407,493,336,319,496,0.6%,"Darlinghurst and Surry Hill"
408,26,23,11,11,-57.7%,"Darlinghurst and Surry Hill"
409,0,0,0,0,0.0%,"Darlinghurst and Surry Hill"
410,3,3,0,0,-100.0%,"Darlinghurst and Surry Hill"
411,46,44,35,42,-8.7%,"Darlinghurst and Surry Hill"
412,0,0,0,0,0.0%,"Darlinghurst and Surry Hill"
413,41,41,11,20,-51.2%,"Darlinghurst and Surry Hill"
414,54,34,83,182,237.0%,"Darlinghurst and Surry Hill"
415,126,94,63,282,123.8%,"Darlinghurst and Surry Hill"
416,119,352,439,425,257.1%,"Darlinghurst and Surry Hill"
417,22,21,25,25,13.6%,"Darlinghurst and Surry Hill"
418,0,0,0,0,0.0%,"Darlinghurst and Surry Hill"
419,7,13,5,2,-71.4%,"Darlinghurst and Surry Hill"
420,71,102,71,46,-35.2%,"Darlinghurst and Surry Hill"
421,46,76,63,59,28.3%,"Darlinghurst and Surry Hill"
422,1244,1903,1059,1059,-14.9%,"Darlinghurst and Surry Hill"
423,296,297,1112,1112,275.7%,"Darlinghurst and Surry Hill"
424,288,289,275,275,-4.5%,"Darlinghurst and Surry Hill"
425,0,0,0,0,0.0%,"Darlinghurst and Surry Hill"
426,0,0,0,0,0.0%,"Darlinghurst and Surry Hill"
427,10,10,21,16,60.0%,"Darlinghurst and Surry Hill"
428,111,124,83,83,-25.2%,"Darlinghurst and Surry Hill"
429,23,48,43,43,87.0%,"Darlinghurst and Surry Hill"
430,71,92,95,99,39.4%,"Darlinghurst and Surry Hill"
431,36,36,36,36,0.0%,"Darlinghurst and Surry Hill"
432,12,67,96,61,408.3%,"Darlinghurst and Surry Hill"
433,59,132,151,117,98.3%,"Darlinghurst and Surry Hill"
434,297,214,158,178,-40.1%,"Darlinghurst and Surry Hill"
435,3,0,0,1,-66.7%,"Darlinghurst and Surry Hill"
436,14,26,51,51,264.3%,"Darlinghurst and Surry Hill"
437,45,90,27,33,-26.7%,"Darlinghurst and Surry Hill"
438,23,18,7,79,243.5%,"Darlinghurst and Surry Hill"
439,33,58,57,45,36.4%,"Darlinghurst and Surry Hill"
440,105,146,59,63,-40.0%,"Darlinghurst and Surry Hill"
441,24,56,45,59,145.8%,"Darlinghurst and Surry Hill"
442,147,149,143,143,-2.7%,"Darlinghurst and Surry Hill"
443,3,2,0,0,-100.0%,"Darlinghurst and Surry Hill"
444,111,56,68,71,-36.0%,"Darlinghurst and Surry Hill"
445,12,34,19,19,58.3%,"Darlinghurst and Surry Hill"
446,41,36,74,74,80.5%,"Darlinghurst and Surry Hill"
447,56,14,34,25,-55.4%,"Darlinghurst and Surry Hill"
448,12,13,21,28,133.3%,"Darlinghurst and Surry Hill"
449,79,48,247,119,50.6%,"Darlinghurst and Surry Hill"
450,35,31,63,63,80.0%,"Darlinghurst and Surry Hill"
451,110,91,243,115,4.5%,"Darlinghurst and Surry Hill"
452,139,184,215,19,-86.3%,"Darlinghurst and Surry Hill"
453,56,72,163,18,-67.9%,"Darlinghurst and Surry Hill"
454,165,249,79,481,191.5%,"Darlinghurst and Surry Hill"
455,167,144,250,169,1.2%,"Darlinghurst and Surry Hill"
456,83,162,163,163,96.4%,"Darlinghurst and Surry Hill"
457,91,99,431,429,371.4%,"Darlinghurst and Surry Hill"
458,243,513,500,512,110.7%,"Darlinghurst and Surry Hill"
459,467,384,328,310,-33.6%,"Darlinghurst and Surry Hill"
460,106,5,4,7,-93.4%,"Darlinghurst and Surry Hill"
461,6,37,18,22,266.7%,"Darlinghurst and Surry Hill"
462,19,19,18,14,-26.3%,"Darlinghurst and Surry Hill"
463,37,28,15,12,-67.6%,"Darlinghurst and Surry Hill"
464,448,449,396,387,-13.6%,"Darlinghurst and Surry Hill"
465,2104,1982,1848,942,-55.2%,"Darlinghurst and Surry Hill"
466,102,78,99,102,0.0%,"Darlinghurst and Surry Hill"
467,296,287,430,430,45.3%,"Darlinghurst and Surry Hill"
468,262,165,98,95,-63.7%,"Darlinghurst and Surry Hill"
469,155,137,111,188,21.3%,"Darlinghurst and Surry Hill"
470,66,62,86,57,-13.6%,"Darlinghurst and Surry Hill"
471,209,172,101,86,-58.9%,"Darlinghurst and Surry Hill"
472,40,44,40,39,-2.5%,"Darlinghurst and Surry Hill"
473,85,132,106,85,0.0%,"Darlinghurst and Surry Hill"
474,74,105,55,88,18.9%,"Darlinghurst and Surry Hill"
475,4,3,27,16,300.0%,"Darlinghurst and Surry Hill"
476,27,14,47,19,-29.6%,"Darlinghurst and Surry Hill"
477,87,113,119,112,28.7%,"Darlinghurst and Surry Hill"
478,126,140,165,165,31.0%,"Darlinghurst and Surry Hill"
479,0,214,221,172,0.0%,"Darlinghurst and Surry Hill"
480,681,681,703,703,3.2%,"Darlinghurst and Surry Hill"
481,6,82,66,49,716.7%,"Darlinghurst and Surry Hill"
482,93,47,164,164,76.3%,"Darlinghurst and Surry Hill"
483,95,36,277,302,217.9%,"Darlinghurst and Surry Hill"
484,496,466,733,733,47.8%,"Darlinghurst and Surry Hill"
485,75,105,154,210,180.0%,"Darlinghurst and Surry Hill"
486,30,32,24,27,-10.0%,"Darlinghurst and Surry Hill"
487,55,56,69,69,25.5%,"Darlinghurst and Surry Hill"
488,11,2,32,46,318.2%,"Darlinghurst and Surry Hill"
489,222,191,313,298,34.2%,"Darlinghurst and Surry Hill"
490,157,196,149,149,-5.1%,"Darlinghurst and Surry Hill"
491,10,22,15,15,50.0%,"Darlinghurst and Surry Hill"
492,50,234,289,186,272.0%,"Darlinghurst and Surry Hill"
493,66,83,75,75,13.6%,"Darlinghurst and Surry Hill"
494,69,71,69,69,0.0%,"Darlinghurst and Surry Hill"
495,87,133,172,66,-24.1%,"Darlinghurst and Surry Hill"
496,191,178,270,270,41.4%,"Darlinghurst and Surry Hill"
497,98,163,227,227,131.6%,"Darlinghurst and Surry Hill"
498,101,149,133,119,17.8%,"Darlinghurst and Surry Hill"
499,38,130,455,447,1076.3%,"Darlinghurst and Surry Hill"
500,12,16,9,10,-16.7%,"Darlinghurst and Surry Hill"
501,3,3,4,5,66.7%,"Darlinghurst and Surry Hill"
502,131,247,168,180,37.4%,"Darlinghurst and Surry Hill"
503,13,25,17,9,-30.8%,"Darlinghurst and Surry Hill"
504,2,1,2,3,50.0%,"Darlinghurst and Surry Hill"
505,13,9,8,5,-61.5%,"Darlinghurst and Surry Hill"
507,107,106,70,251,134.6%,"Darlinghurst and Surry Hill"
508,35,65,124,44,25.7%,"Darlinghurst and Surry Hill"
509,54,80,180,116,114.8%,"Darlinghurst and Surry Hill"
510,38,38,130,69,81.6%,"Darlinghurst and Surry Hill"
511,21,30,73,125,495.2%,"Darlinghurst and Surry Hill"
512,57,42,138,117,105.3%,"Darlinghurst and Surry Hill"
513,33,34,52,63,90.9%,"Darlinghurst and Surry Hill"
514,178,155,203,771,333.1%,"Darlinghurst and Surry Hill"
515,13,10,37,66,407.7%,"Darlinghurst and Surry Hill"
516,120,125,215,428,256.7%,"Darlinghurst and Surry Hill"
517,268,162,358,221,-17.5%,"Darlinghurst and Surry Hill"
518,525,484,642,642,22.3%,"Darlinghurst and Surry Hill"
519,0,0,0,0,0.0%,"Darlinghurst and Surry Hill"
520,0,0,0,0,0.0%,"Darlinghurst and Surry Hill"
521,329,284,256,251,-23.7%,"Darlinghurst and Surry Hill"
522,43,66,71,71,65.1%,"Darlinghurst and Surry Hill"
523,2822,1846,3293,2428,-14.0%,"Darlinghurst and Surry Hill"
524,664,877,1383,1383,108.3%,"Darlinghurst and Surry Hill"
525,57,73,128,117,105.3%,"Darlinghurst and Surry Hill"
526,28,54,83,83,196.4%,"Darlinghurst and Surry Hill"
527,47,35,56,64,36.2%,"Darlinghurst and Surry Hill"
528,75,141,165,165,120.0%,"Darlinghurst and Surry Hill"
529,213,228,330,330,54.9%,"Darlinghurst and Surry Hill"
530,171,301,824,1074,528.1%,"Darlinghurst and Surry Hill"
531,46,48,69,69,50.0%,"Darlinghurst and Surry Hill"
532,48,133,160,160,233.3%,"Darlinghurst and Surry Hill"
533,1,1,2,2,0.0%,"Darlinghurst and Surry Hill"
534,15,27,63,63,320.0%,"Darlinghurst and Surry Hill"
535,0,0,0,0,0.0%,"Darlinghurst and Surry Hill"
536,0,0,0,0,0.0%,"Darlinghurst and Surry Hill"
537,89,79,177,177,98.9%,"Darlinghurst and Surry Hill"
538,4,5,12,5,25.0%,"Darlinghurst and Surry Hill"
539,0,0,0,0,0.0%,"Darlinghurst and Surry Hill"
540,11,11,53,53,381.8%,"Darlinghurst and Surry Hill"
541,19,19,22,27,42.1%,"Darlinghurst and Surry Hill"
542,7,4,14,10,42.9%,"Darlinghurst and Surry Hill"
543,30,22,56,12,-60.0%,"Darlinghurst and Surry Hill"
544,23,22,18,21,-8.7%,"Darlinghurst and Surry Hill"
545,91,158,184,188,106.6%,"Darlinghurst and Surry Hill"
546,29,74,250,156,437.9%,"Darlinghurst and Surry Hill"
547,9,21,31,31,244.4%,"Darlinghurst and Surry Hill"
548,12,25,32,18,50.0%,"Darlinghurst and Surry Hill"
549,0,4,7,7,0.0%,"Darlinghurst and Surry Hill"
550,39,97,62,46,17.9%,"Darlinghurst and Surry Hill"
551,42,34,44,44,4.8%,"Darlinghurst and Surry Hill"
552,0,12,15,11,0.0%,"Darlinghurst and Surry Hill"
553,0,0,2,2,0.0%,"Darlinghurst and Surry Hill"
554,35,47,123,58,65.7%,"Darlinghurst and Surry Hill"
555,71,34,77,156,119.7%,"Darlinghurst and Surry Hill"
556,45,273,579,606,1246.7%,"Darlinghurst and Surry Hill"
557,0,6,3,14,0.0%,"Darlinghurst and Surry Hill"
558,890,1147,483,483,-45.7%,"Darlinghurst and Surry Hill"
560,116,39,35,35,-69.8%,"Darlinghurst and Surry Hill"
561,95,98,60,80,-15.8%,"Darlinghurst and Surry Hill"
562,136,84,155,155,14.0%,"Darlinghurst and Surry Hill"
563,52,51,123,121,132.7%,"Darlinghurst and Surry Hill"
564,1146,1744,1482,1482,29.3%,"Darlinghurst and Surry Hill"
565,229,523,647,647,182.5%,"Darlinghurst and Surry Hill"
566,20,36,52,63,215.0%,"Darlinghurst and Surry Hill"
567,139,183,315,315,126.6%,"Darlinghurst and Surry Hill"
568,78,62,95,95,21.8%,"Darlinghurst and Surry Hill"
569,193,223,460,460,138.3%,"Darlinghurst and Surry Hill"
570,304,336,387,387,27.3%,"Darlinghurst and Surry Hill"
571,45,40,74,74,64.4%,"Darlinghurst and Surry Hill"
572,156,117,177,177,13.5%,"Darlinghurst and Surry Hill"
573,47,49,57,57,21.3%,"Darlinghurst and Surry Hill"
574,91,118,105,105,15.4%,"Darlinghurst and Surry Hill"
575,119,117,178,178,49.6%,"Darlinghurst and Surry Hill"
576,14,9,0,4,-71.4%,"Darlinghurst and Surry Hill"
577,135,218,173,173,28.1%,"Darlinghurst and Surry Hill"
578,8,24,23,23,187.5%,"Darlinghurst and Surry Hill"
579,42,35,19,19,-54.8%,"Darlinghurst and Surry Hill"
580,0,0,0,0,0.0%,"Darlinghurst and Surry Hill"
581,2,5,1,1,-50.0%,"Darlinghurst and Surry Hill"
582,242,278,412,412,70.2%,"Darlinghurst and Surry Hill"
583,1,32,10,10,0.0%,"Darlinghurst and Surry Hill"
584,0,0,1,0,0.0%,"Darlinghurst and Surry Hill"
585,4,6,5,4,0.0%,"Darlinghurst and Surry Hill"
586,95,105,106,106,11.6%,"Darlinghurst and Surry Hill"
587,48,61,47,47,-2.1%,"Darlinghurst and Surry Hill"
588,0,0,0,0,0.0%,"Darlinghurst and Surry Hill"
589,19,108,130,130,584.2%,"Darlinghurst and Surry Hill"
590,26,53,32,29,11.5%,"Darlinghurst and Surry Hill"
591,5,2,7,6,20.0%,"Darlinghurst and Surry Hill"
592,0,0,0,0,0.0%,"Darlinghurst and Surry Hill"
593,0,0,0,0,0.0%,"Darlinghurst and Surry Hill"
594,7,7,4,7,0.0%,"Darlinghurst and Surry Hill"
595,0,0,0,0,0.0%,"Darlinghurst and Surry Hill"
596,188,250,167,167,-11.2%,"Darlinghurst and Surry Hill"
597,132,132,61,0,-100.0%,"Darlinghurst and Surry Hill"
598,4,4,5,8,100.0%,"Darlinghurst and Surry Hill"
599,0,0,0,0,0.0%,"Darlinghurst and Surry Hill"
600,2,2,3,3,50.0%,"Redfern, Erskineville and Macdonaldtown"
601,0,0,0,0,0.0%,"Redfern, Erskineville and Macdonaldtown"
602,11,12,0,2,-81.8%,"Redfern, Erskineville and Macdonaldtown"
603,0,0,0,0,0.0%,"Redfern, Erskineville and Macdonaldtown"
604,0,0,0,0,0.0%,"Redfern, Erskineville and Macdonaldtown"
605,2,2,13,14,600.0%,"Redfern, Erskineville and Macdonaldtown"
606,74,84,124,124,67.6%,"Redfern, Erskineville and Macdonaldtown"
607,0,0,0,0,0.0%,"Redfern, Erskineville and Macdonaldtown"
608,94,122,147,41,-56.4%,"Redfern, Erskineville and Macdonaldtown"
609,48,65,56,15,-68.8%,"Redfern, Erskineville and Macdonaldtown"
610,345,368,392,392,13.6%,"Redfern, Erskineville and Macdonaldtown"
611,16,43,30,30,87.5%,"Redfern, Erskineville and Macdonaldtown"
612,0,0,0,0,0.0%,"Redfern, Erskineville and Macdonaldtown"
613,0,0,0,0,0.0%,"Redfern, Erskineville and Macdonaldtown"
614,0,0,4,4,0.0%,"Redfern, Erskineville and Macdonaldtown"
615,0,0,0,0,0.0%,"Redfern, Erskineville and Macdonaldtown"
616,0,0,0,0,0.0%,"Redfern, Erskineville and Macdonaldtown"
617,1,2,0,1,0.0%,"Redfern, Erskineville and Macdonaldtown"
618,1,0,3,0,0.0%,"Redfern, Erskineville and Macdonaldtown"
619,17,53,59,59,247.1%,"Redfern, Erskineville and Macdonaldtown"
620,0,0,0,15,0.0%,"Redfern, Erskineville and Macdonaldtown"
621,0,0,0,0,0.0%,"Redfern, Erskineville and Macdonaldtown"
622,0,20,30,24,0.0%,"Redfern, Erskineville and Macdonaldtown"
623,1,2,3,2,0.0%,"Redfern, Erskineville and Macdonaldtown"
624,19,19,13,13,-31.6%,"Redfern, Erskineville and Macdonaldtown"
625,0,6,12,8,0.0%,"Redfern, Erskineville and Macdonaldtown"
626,123,522,532,532,332.5%,"Redfern, Erskineville and Macdonaldtown"
627,13,10,12,12,-7.7%,"Redfern, Erskineville and Macdonaldtown"
628,1140,1140,1813,1813,59.0%,"Redfern, Erskineville and Macdonaldtown"
629,37,17,53,53,43.2%,"Redfern, Erskineville and Macdonaldtown"
630,25,37,110,110,340.0%,"Redfern, Erskineville and Macdonaldtown"
631,0,0,559,559,0.0%,"Redfern, Erskineville and Macdonaldtown"
632,37,30,16,11,-70.3%,"Redfern, Erskineville and Macdonaldtown"
633,8,8,5,5,-37.5%,"Redfern, Erskineville and Macdonaldtown"
634,15,10,7,7,-53.3%,"Redfern, Erskineville and Macdonaldtown"
635,0,0,0,0,0.0%,"Redfern, Erskineville and Macdonaldtown"
636,54,36,0,0,-100.0%,"Redfern, Erskineville and Macdonaldtown"
637,4,4,6,8,100.0%,"Redfern, Erskineville and Macdonaldtown"
638,77,311,330,330,328.6%,"Redfern, Erskineville and Macdonaldtown"
639,119,120,205,205,72.3%,"Redfern, Erskineville and Macdonaldtown"
640,80,22,4,3,-96.3%,"Redfern, Erskineville and Macdonaldtown"
641,39,39,40,40,2.6%,"Redfern, Erskineville and Macdonaldtown"
642,39,29,102,102,161.5%,"Redfern, Erskineville and Macdonaldtown"
643,10,17,13,13,30.0%,"Redfern, Erskineville and Macdonaldtown"
644,145,337,372,372,156.6%,"Redfern, Erskineville and Macdonaldtown"
645,14,51,48,48,242.9%,"Redfern, Erskineville and Macdonaldtown"
646,24,59,25,25,4.2%,"Redfern, Erskineville and Macdonaldtown"
647,70,118,130,130,85.7%,"Redfern, Erskineville and Macdonaldtown"
648,570,430,491,491,-13.9%,"Redfern, Erskineville and Macdonaldtown"
649,109,53,113,107,-1.8%,"Redfern, Erskineville and Macdonaldtown"
650,45,68,95,95,111.1%,"Redfern, Erskineville and Macdonaldtown"
651,50,87,41,41,-18.0%,"Redfern, Erskineville and Macdonaldtown"
652,157,160,135,135,-14.0%,"Redfern, Erskineville and Macdonaldtown"
653,0,0,0,0,0.0%,"Redfern, Erskineville and Macdonaldtown"
654,0,0,0,0,0.0%,"Redfern, Erskineville and Macdonaldtown"
655,0,0,0,0,0.0%,"Redfern, Erskineville and Macdonaldtown"
656,125,138,117,0,-100.0%,"Redfern, Erskineville and Macdonaldtown"
657,52,76,204,204,292.3%,"Redfern, Erskineville and Macdonaldtown"
658,7,7,0,4,-42.9%,"Redfern, Erskineville and Macdonaldtown"
659,4,15,8,14,250.0%,"Redfern, Erskineville and Macdonaldtown"
660,60,65,142,142,136.7%,"Redfern, Erskineville and Macdonaldtown"
661,21,24,23,23,9.5%,"Redfern, Erskineville and Macdonaldtown"
662,34,33,67,20,-41.2%,"Redfern, Erskineville and Macdonaldtown"
664,0,0,0,0,0.0%,"Redfern, Erskineville and Macdonaldtown"
665,17,29,69,69,305.9%,"Redfern, Erskineville and Macdonaldtown"
666,18,6,15,13,-27.8%,"Redfern, Erskineville and Macdonaldtown"
667,24,51,32,32,33.3%,"Redfern, Erskineville and Macdonaldtown"
668,0,0,0,5,0.0%,"Redfern, Erskineville and Macdonaldtown"
669,44,81,59,59,34.1%,"Redfern, Erskineville and Macdonaldtown"
670,16,20,186,185,1056.3%,"Redfern, Erskineville and Macdonaldtown"
671,0,1,0,5,0.0%,"Redfern, Erskineville and Macdonaldtown"
672,15,7,6,6,-60.0%,"Redfern, Erskineville and Macdonaldtown"
673,8,5,1,6,-25.0%,"Redfern, Erskineville and Macdonaldtown"
674,6,6,6,6,0.0%,"Redfern, Erskineville and Macdonaldtown"
675,0,3,23,29,0.0%,"Redfern, Erskineville and Macdonaldtown"
676,0,0,0,0,0.0%,"Redfern, Erskineville and Macdonaldtown"
677,0,0,0,0,0.0%,"Redfern, Erskineville and Macdonaldtown"
678,23,21,9,9,-60.9%,"Redfern, Erskineville and Macdonaldtown"
679,5,28,41,41,720.0%,"Redfern, Erskineville and Macdonaldtown"
680,1,1,1,1,0.0%,"Redfern, Erskineville and Macdonaldtown"
681,0,0,0,0,0.0%,"Redfern, Erskineville and Macdonaldtown"
682,0,0,0,0,0.0%,"Redfern, Erskineville and Macdonaldtown"
683,19,28,3,3,-84.2%,"Redfern, Erskineville and Macdonaldtown"
684,19,30,47,47,147.4%,"Redfern, Erskineville and Macdonaldtown"
685,41,51,31,36,-12.2%,"Redfern, Erskineville and Macdonaldtown"
686,9,49,26,26,188.9%,"Redfern, Erskineville and Macdonaldtown"
687,29,30,25,25,-13.8%,"Redfern, Erskineville and Macdonaldtown"
688,427,221,341,332,-22.2%,"Redfern, Erskineville and Macdonaldtown"
689,2,2,0,0,-100.0%,"Redfern, Erskineville and Macdonaldtown"
690,25,28,26,26,4.0%,"Redfern, Erskineville and Macdonaldtown"
691,58,31,54,54,-6.9%,"Redfern, Erskineville and Macdonaldtown"
692,2,2,0,0,-100.0%,"Redfern, Erskineville and Macdonaldtown"
693,0,0,0,0,0.0%,"Redfern, Erskineville and Macdonaldtown"
694,0,0,0,0,0.0%,"Redfern, Erskineville and Macdonaldtown"
695,54,54,58,58,7.4%,"Redfern, Erskineville and Macdonaldtown"
696,5,12,0,0,-100.0%,"Redfern, Erskineville and Macdonaldtown"
697,71,109,91,91,28.2%,"Redfern, Erskineville and Macdonaldtown"
698,54,73,31,31,-42.6%,"Redfern, Erskineville and Macdonaldtown"
699,115,125,169,169,47.0%,"Redfern, Erskineville and Macdonaldtown"
700,42,29,41,41,-2.4%,"Redfern, Erskineville and Macdonaldtown"
701,0,0,0,0,0.0%,"Redfern, Erskineville and Macdonaldtown"
702,2,2,0,0,-100.0%,"Redfern, Erskineville and Macdonaldtown"
703,0,1,2,3,0.0%,"Redfern, Erskineville and Macdonaldtown"
704,0,0,0,0,0.0%,"Redfern, Erskineville and Macdonaldtown"
705,0,2,2,0,0.0%,"Redfern, Erskineville and Macdonaldtown"
706,50,12,40,73,46.0%,"Redfern, Erskineville and Macdonaldtown"
707,7,10,9,19,171.4%,"Redfern, Erskineville and Macdonaldtown"
708,2,2,4,4,100.0%,"Redfern, Erskineville and Macdonaldtown"
709,0,0,0,0,0.0%,"Redfern, Erskineville and Macdonaldtown"
710,19,5,3,11,-42.1%,"Redfern, Erskineville and Macdonaldtown"
711,0,0,0,0,0.0%,"Redfern, Erskineville and Macdonaldtown"
712,0,0,0,0,0.0%,"Redfern, Erskineville and Macdonaldtown"
713,4,5,7,8,100.0%,"Redfern, Erskineville and Macdonaldtown"
714,1,2,1,3,0.0%,"Redfern, Erskineville and Macdonaldtown"
715,15,7,19,6,-60.0%,"Redfern, Erskineville and Macdonaldtown"
716,2,5,5,7,250.0%,"Redfern, Erskineville and Macdonaldtown"
717,179,124,156,242,35.2%,"Redfern, Erskineville and Macdonaldtown"
718,38,42,59,49,28.9%,"Redfern, Erskineville and Macdonaldtown"
719,0,0,9,29,0.0%,"Redfern, Erskineville and Macdonaldtown"
720,7,6,3,4,-42.9%,"Redfern, Erskineville and Macdonaldtown"
721,161,172,168,314,95.0%,"Redfern, Erskineville and Macdonaldtown"
722,0,0,0,0,0.0%,"Redfern, Erskineville and Macdonaldtown"
723,0,0,0,2,0.0%,"Redfern, Erskineville and Macdonaldtown"
724,0,0,0,0,0.0%,"Redfern, Erskineville and Macdonaldtown"
725,0,0,0,0,0.0%,"Redfern, Erskineville and Macdonaldtown"
726,0,0,0,0,0.0%,"Redfern, Erskineville and Macdonaldtown"
727,10,13,15,24,140.0%,"Redfern, Erskineville and Macdonaldtown"
728,0,9,2,6,0.0%,"Redfern, Erskineville and Macdonaldtown"
729,12,16,68,102,750.0%,"Redfern, Erskineville and Macdonaldtown"
730,33,35,40,63,90.9%,"Redfern, Erskineville and Macdonaldtown"
731,0,0,0,0,0.0%,"Redfern, Erskineville and Macdonaldtown"
732,11,20,18,16,45.5%,"Redfern, Erskineville and Macdonaldtown"
733,0,0,0,0,0.0%,"Redfern, Erskineville and Macdonaldtown"
734,0,2,1,0,0.0%,"Redfern, Erskineville and Macdonaldtown"
735,0,2,0,0,0.0%,"Redfern, Erskineville and Macdonaldtown"
736,0,0,0,0,0.0%,"Redfern, Erskineville and Macdonaldtown"
737,1,1,1,1,0.0%,"Redfern, Erskineville and Macdonaldtown"
738,0,0,0,0,0.0%,"Redfern, Erskineville and Macdonaldtown"
739,33,57,23,27,-18.2%,"Redfern, Erskineville and Macdonaldtown"
740,24,72,31,47,95.8%,"Redfern, Erskineville and Macdonaldtown"
741,25,16,8,12,-52.0%,"Redfern, Erskineville and Macdonaldtown"
742,0,0,0,0,0.0%,"Redfern, Erskineville and Macdonaldtown"
743,0,0,0,0,0.0%,"Redfern, Erskineville and Macdonaldtown"
744,0,0,0,0,0.0%,"Redfern, Erskineville and Macdonaldtown"
745,0,0,0,0,0.0%,"Redfern, Erskineville and Macdonaldtown"
746,4,1,4,9,125.0%,"Redfern, Erskineville and Macdonaldtown"
747,11,20,15,27,145.5%,"Redfern, Erskineville and Macdonaldtown"
748,0,21,17,21,0.0%,"Redfern, Erskineville and Macdonaldtown"
751,1,1,0,0,0.0%,"Redfern, Erskineville and Macdonaldtown"
752,14,15,19,40,185.7%,"Redfern, Erskineville and Macdonaldtown"
753,8,12,20,7,-12.5%,"Redfern, Erskineville and Macdonaldtown"
754,1,2,2,4,0.0%,"Redfern, Erskineville and Macdonaldtown"
755,0,0,0,0,0.0%,"Redfern, Erskineville and Macdonaldtown"
756,0,0,0,1,0.0%,"Redfern, Erskineville and Macdonaldtown"
757,3,2,7,2,-33.3%,"Redfern, Erskineville and Macdonaldtown"
758,0,0,0,0,0.0%,"Redfern, Erskineville and Macdonaldtown"
759,0,0,0,0,0.0%,"Redfern, Erskineville and Macdonaldtown"
760,0,0,0,0,0.0%,"Redfern, Erskineville and Macdonaldtown"
761,0,0,0,0,0.0%,"Redfern, Erskineville and Macdonaldtown"
778,734,731,1072,505,-31.2%,"Redfern, Erskineville and Macdonaldtown"
779,92,181,123,66,-28.3%,"Redfern, Erskineville and Macdonaldtown"
780,78,106,58,62,-20.5%,"Redfern, Erskineville and Macdonaldtown"
781,2123,2499,2478,2469,16.3%,"Redfern, Erskineville and Macdonaldtown"
782,17,11,30,38,123.5%,"Redfern, Erskineville and Macdonaldtown"
783,229,261,230,230,0.4%,"Redfern, Erskineville and Macdonaldtown"
784,1,0,106,178,0.0%,"Redfern, Erskineville and Macdonaldtown"
785,61,76,159,159,160.7%,"Redfern, Erskineville and Macdonaldtown"
787,62,91,188,173,179.0%,"Redfern, Erskineville and Macdonaldtown"
788,53,287,378,378,613.2%,"Redfern, Erskineville and Macdonaldtown"
789,121,154,180,180,48.8%,"Redfern, Erskineville and Macdonaldtown"
790,4,5,0,5,25.0%,"Redfern, Erskineville and Macdonaldtown"
791,69,69,63,63,-8.7%,"Redfern, Erskineville and Macdonaldtown"
792,22,19,34,34,54.5%,"Redfern, Erskineville and Macdonaldtown"
793,24,29,23,18,-25.0%,"Redfern, Erskineville and Macdonaldtown"
794,91,175,47,71,-22.0%,"Redfern, Erskineville and Macdonaldtown"
795,77,62,45,45,-41.6%,"Redfern, Erskineville and Macdonaldtown"
796,33,18,10,10,-69.7%,"Redfern, Erskineville and Macdonaldtown"
797,36,10,84,84,133.3%,"Redfern, Erskineville and Macdonaldtown"
798,15,14,5,19,26.7%,"Redfern, Erskineville and Macdonaldtown"
799,5,5,10,10,100.0%,"Redfern, Erskineville and Macdonaldtown"
800,5,42,13,146,2820.0%,Camperdown
801,63,184,209,209,231.7%,Camperdown
802,76,90,84,83,9.2%,Camperdown
803,0,0,3,3,0.0%,Camperdown
804,0,0,0,0,0.0%,Camperdown
805,0,0,0,0,0.0%,Camperdown
806,17,25,16,58,241.2%,Camperdown
807,3,4,14,75,2400.0%,Camperdown
809,19,63,50,68,257.9%,Camperdown
810,122,101,89,84,-31.1%,Camperdown
811,136,116,114,114,-16.2%,Camperdown
812,0,0,0,0,0.0%,Camperdown
813,12,0,11,11,-8.3%,Camperdown
814,49,2,16,12,-75.5%,Camperdown
815,15,24,18,6,-60.0%,Camperdown
816,52,50,51,51,-1.9%,Camperdown
817,7,0,0,0,-100.0%,Camperdown
818,4,1,3,3,-25.0%,Camperdown
819,126,89,68,68,-46.0%,Camperdown
820,61,31,38,53,-13.1%,Camperdown
821,135,110,72,72,-46.7%,Camperdown
822,18,6,29,29,61.1%,Camperdown
823,28,34,60,60,114.3%,Camperdown
824,3,3,4,3,0.0%,Camperdown
826,49,72,187,187,281.6%,Camperdown
827,225,101,260,260,15.6%,Camperdown
828,29,5,21,21,-27.6%,Camperdown
829,31,15,28,21,-32.3%,Camperdown
830,490,490,829,829,69.2%,Camperdown
831,0,0,2,2,0.0%,Camperdown
832,249,249,166,166,-33.3%,Camperdown
833,314,314,121,121,-61.5%,Camperdown
834,0,23,11,11,0.0%,Camperdown
835,51,138,97,97,90.2%,Camperdown
836,22,49,44,44,100.0%,Camperdown
837,41,34,9,9,-78.0%,Camperdown
838,29,34,18,18,-37.9%,Camperdown
839,59,91,213,213,261.0%,Glebe
840,17,20,16,16,-5.9%,Glebe
841,13,14,8,8,-38.5%,Glebe
842,0,0,0,0,0.0%,Glebe
843,10,49,47,47,370.0%,Glebe
844,311,367,199,199,-36.0%,Glebe
845,0,13,16,16,0.0%,Glebe
846,0,0,0,0,0.0%,Camperdown
847,0,0,0,0,0.0%,Camperdown
848,0,0,0,0,0.0%,Camperdown
849,34,31,37,54,58.8%,Camperdown
850,29,17,20,27,-6.9%,Camperdown
851,7,0,0,0,-100.0%,Camperdown
852,0,0,0,0,0.0%,Camperdown
853,0,0,0,0,0.0%,Camperdown
854,0,0,0,0,0.0%,Camperdown
855,0,0,0,0,0.0%,Camperdown
856,4,0,2,2,-50.0%,Camperdown
857,34,30,29,29,-14.7%,Camperdown
858,76,28,38,38,-50.0%,Camperdown
859,3,0,2,2,-33.3%,Camperdown
860,89,111,92,92,3.4%,Camperdown
861,48,34,43,43,-10.4%,Camperdown
863,1123,3348,2986,10289,816.2%,Camperdown
868,69,159,69,69,0.0%,Camperdown
869,0,0,0,0,0.0%,Camperdown
870,411,315,273,264,-35.8%,Camperdown
901,593,612,500,471,-20.6%,Glebe
902,90,124,132,186,106.7%,Glebe
903,101,82,50,154,52.5%,Glebe
904,48,27,31,38,-20.8%,Glebe
905,174,127,33,40,-77.0%,Glebe
906,0,0,0,0,0.0%,Glebe
907,0,0,0,0,0.0%,Glebe
908,2,2,1,6,200.0%,Glebe
909,0,0,0,0,0.0%,Glebe
910,0,0,0,0,0.0%,Glebe
911,31,34,54,43,38.7%,Glebe
912,13,43,33,40,207.7%,Glebe
913,117,114,135,75,-35.9%,Glebe
914,0,0,0,0,0.0%,Glebe
915,87,89,102,92,5.7%,Glebe
916,228,181,165,150,-34.2%,Glebe
917,139,249,201,231,66.2%,Glebe
918,3,3,5,1,-66.7%,Glebe
919,14,15,70,62,342.9%,Glebe
920,14,11,17,25,78.6%,Glebe
921,4,7,1,4,0.0%,Glebe
922,0,0,7,7,0.0%,Glebe
923,0,0,0,0,0.0%,Glebe
924,37,42,40,39,5.4%,Glebe
925,48,76,50,49,2.1%,Glebe
926,12,7,6,6,-50.0%,Glebe
927,2,0,0,0,-100.0%,Glebe
928,0,0,0,0,0.0%,Glebe
929,0,0,0,0,0.0%,Glebe
930,0,0,0,0,0.0%,Glebe
931,31,23,24,12,-61.3%,Glebe
932,9,16,67,67,644.4%,Glebe
933,0,0,0,0,0.0%,Glebe
934,0,0,0,0,0.0%,Glebe
935,0,24,18,18,0.0%,Glebe
936,0,0,0,0,0.0%,Glebe
937,39,40,29,29,-25.6%,Glebe
938,4,60,48,48,1100.0%,Glebe
939,2,3,1,1,-50.0%,Glebe
940,1,1,3,3,0.0%,Glebe
941,2,38,20,20,900.0%,Glebe
942,22,117,170,170,672.7%,Glebe
943,0,0,0,0,0.0%,Glebe
944,0,0,0,0,0.0%,Glebe
945,27,21,30,30,11.1%,Glebe
946,6,5,37,37,516.7%,Glebe
947,57,32,36,36,-36.8%,Glebe
948,88,94,82,78,-11.4%,Glebe
949,11,12,19,19,72.7%,Glebe
950,0,0,3,3,0.0%,Glebe
951,25,35,35,35,40.0%,Glebe
952,80,121,351,349,336.3%,Glebe
953,7,22,31,31,342.9%,Glebe
954,0,0,0,0,0.0%,Glebe
955,0,0,0,0,0.0%,Glebe
956,0,0,0,0,0.0%,Glebe
957,0,0,0,0,0.0%,Glebe
958,20,84,148,148,640.0%,Glebe
959,29,29,20,20,-31.0%,Glebe
960,0,0,0,0,0.0%,Glebe
961,3,4,2,2,-33.3%,Glebe
962,0,0,0,0,0.0%,Glebe
963,0,0,0,0,0.0%,Glebe
964,0,0,0,0,0.0%,Glebe
965,20,21,26,26,30.0%,Glebe
966,0,0,0,0,0.0%,Glebe
967,0,2,7,7,0.0%,Glebe
969,0,0,0,0,0.0%,Glebe
970,0,0,0,0,0.0%,Glebe
971,0,0,0,0,0.0%,Glebe
972,0,0,0,0,0.0%,Glebe
973,10,8,14,16,60.0%,Glebe
974,5,5,5,14,180.0%,Glebe
975,5,5,0,0,-100.0%,Glebe
976,155,130,13,19,-87.7%,Glebe
977,54,55,25,40,-25.9%,Glebe
978,0,0,0,0,0.0%,Glebe
979,4,4,1,2,-50.0%,Glebe
980,62,138,49,79,27.4%,Glebe
981,0,0,0,0,0.0%,Glebe
982,21,36,28,22,4.8%,Glebe
983,0,0,0,0,0.0%,Glebe
984,11,42,54,117,963.6%,Glebe
985,0,0,0,0,0.0%,Glebe
986,0,0,0,0,0.0%,Glebe
987,0,3,0,2,0.0%,Glebe
988,0,0,0,0,0.0%,Glebe
989,4,6,1,1,-75.0%,Glebe
990,3,3,4,3,0.0%,Glebe
991,0,0,0,0,0.0%,Glebe
992,80,37,61,87,8.8%,Glebe
993,5,5,4,2,-60.0%,Glebe
995,16,57,39,21,31.3%,Glebe
997,0,0,0,5,0.0%,Glebe
1000,5,17,0,8,60.0%,Alexandria
1001,21,39,43,43,104.8%,Alexandria
1002,38,51,10,10,-73.7%,Alexandria
1003,507,565,228,0,-100.0%,Alexandria
1004,30,17,25,25,-16.7%,Alexandria
1005,1,1,1,1,0.0%,Alexandria
1006,15,25,18,18,20.0%,Alexandria
1007,0,0,0,0,0.0%,Alexandria
1008,18,15,27,12,-33.3%,Alexandria
1009,0,0,0,0,0.0%,Alexandria
1010,0,0,0,0,0.0%,Alexandria
1011,47,46,25,27,-42.6%,Alexandria
1012,19,3,9,6,-68.4%,Alexandria
1013,17,20,19,31,82.4%,Alexandria
1014,22,25,9,9,-59.1%,Alexandria
1015,6,5,3,7,16.7%,Alexandria
1016,70,91,74,52,-25.7%,Alexandria
1017,15,23,3,3,-80.0%,Alexandria
1018,5,4,2,2,-60.0%,Alexandria
1019,2,2,10,10,400.0%,Alexandria
1020,1,0,3,3,0.0%,Alexandria
1021,0,0,0,0,0.0%,Alexandria
1022,0,0,0,0,0.0%,Alexandria
1023,1,3,2,2,0.0%,Alexandria
1024,16,11,17,17,6.3%,Alexandria
1025,6,8,13,13,116.7%,Alexandria
1026,0,1,0,0,0.0%,Alexandria
1027,17,17,11,11,-35.3%,Alexandria
1028,16,16,11,11,-31.3%,Alexandria
1029,1,3,3,3,0.0%,Alexandria
1030,223,196,183,153,-31.4%,Alexandria
1031,8,6,8,8,0.0%,Alexandria
1032,57,35,25,25,-56.1%,Alexandria
1033,0,0,0,0,0.0%,Alexandria
1034,5,1,21,21,320.0%,Alexandria
1035,22,17,42,42,90.9%,Alexandria
1036,7,9,3,3,-57.1%,Alexandria
1037,168,115,136,136,-19.0%,Alexandria
1038,403,151,89,89,-77.9%,Alexandria
1039,32,64,45,44,37.5%,Alexandria
1040,16,26,32,24,50.0%,Alexandria
1041,50,128,59,33,-34.0%,Alexandria
1042,0,0,0,0,0.0%,Alexandria
1043,186,261,229,157,-15.6%,Alexandria
1044,9,143,6,10,11.1%,Alexandria
1045,0,0,0,18,0.0%,Alexandria
1046,9,21,25,43,377.8%,Alexandria
1047,0,0,0,0,0.0%,Alexandria
1048,0,0,0,0,0.0%,Alexandria
1049,11,15,16,15,36.4%,Alexandria
1050,10,11,11,15,50.0%,Alexandria
1051,4,5,1,2,-50.0%,Alexandria
1052,17,9,18,20,17.6%,Alexandria
1053,12,10,9,7,-41.7%,Alexandria
1054,0,0,0,0,0.0%,Alexandria
1055,254,236,17,20,-92.1%,Alexandria
1056,121,166,20,31,-74.4%,Alexandria
1057,140,170,158,208,48.6%,Alexandria
1058,28,31,9,43,53.6%,Alexandria
1059,55,119,365,490,790.9%,Alexandria
1060,3,71,55,55,1733.3%,Alexandria
1061,282,203,200,167,-40.8%,Alexandria
1062,34,32,31,50,47.1%,Alexandria
1063,4,6,8,8,100.0%,Alexandria
1064,27,66,60,46,70.4%,Alexandria
1065,98,259,186,155,58.2%,Alexandria
1066,15,18,12,16,6.7%,Alexandria
1067,883,602,402,22,-97.5%,Alexandria
1069,34,58,106,56,64.7%,Alexandria
1070,236,236,205,220,-6.8%,Alexandria
1071,15,9,8,1,-93.3%,Alexandria
1072,3,89,100,108,3500.0%,Alexandria
1073,0,5,6,6,0.0%,Alexandria
1074,0,4,3,3,0.0%,Alexandria
1075,0,4,8,8,0.0%,Alexandria
1076,0,0,381,381,0.0%,Alexandria
1077,0,74,70,70,0.0%,Alexandria
1078,566,532,341,341,-39.8%,Alexandria
1080,299,254,113,16,-94.6%,Alexandria
1081,4,5,9,11,175.0%,Alexandria
1082,134,104,87,55,-59.0%,Alexandria
1083,82,157,85,59,-28.0%,Alexandria
1084,41,37,59,92,124.4%,Alexandria
1085,224,152,0,0,-100.0%,Alexandria
1086,28,82,30,30,7.1%,Alexandria
1087,77,217,269,115,49.4%,Alexandria
1088,132,180,148,143,8.3%,Alexandria
1089,15,40,31,64,326.7%,Alexandria
1090,1669,941,1141,1073,-35.7%,Alexandria
1091,111,76,67,9,-91.9%,Alexandria
1092,287,225,191,457,59.2%,Alexandria
1093,323,397,523,874,170.6%,Alexandria
1094,267,211,291,394,47.6%,Alexandria
1095,693,780,1045,1044,50.6%,Alexandria
1096,496,708,499,326,-34.3%,Alexandria
1097,495,801,510,582,17.6%,Alexandria
1098,108,111,73,71,-34.3%,Alexandria
1099,19,17,21,17,-10.5%,Alexandria
1100,51,65,22,60,17.6%,Alexandria
1101,97,141,123,143,47.4%,Alexandria
1102,137,249,261,319,132.8%,Alexandria
1103,52,43,69,57,9.6%,Alexandria
1104,74,35,50,52,-29.7%,Alexandria
1105,4,10,16,11,175.0%,Alexandria
1106,75,53,157,100,33.3%,Alexandria
1107,6,4,0,0,-100.0%,Alexandria
1108,168,151,74,43,-74.4%,Alexandria
1109,46,46,20,78,69.6%,Alexandria
1110,301,297,379,329,9.3%,Alexandria
1111,129,218,201,71,-45.0%,Alexandria
1112,138,247,145,74,-46.4%,Alexandria
1113,0,0,3,3,0.0%,Alexandria
1114,136,161,34,44,-67.6%,Alexandria
1115,41,55,36,5,-87.8%,Alexandria
1116,59,91,63,89,50.8%,Alexandria
1117,31,74,64,91,193.5%,Alexandria
1118,484,711,856,599,23.8%,Alexandria
1119,0,0,0,0,0.0%,Alexandria
1120,61,31,64,59,-3.3%,Alexandria
1121,483,279,392,325,-32.7%,Alexandria
1122,619,775,115,149,-75.9%,Alexandria
1123,354,459,179,181,-48.9%,Alexandria
1124,0,0,0,0,0.0%,Alexandria
1125,0,0,0,0,0.0%,Alexandria
1126,10,5,0,5,-50.0%,Alexandria
1127,13,11,9,6,-53.8%,Alexandria
1128,0,0,0,0,0.0%,Alexandria
1129,0,0,0,0,0.0%,Alexandria
1130,0,0,0,0,0.0%,Alexandria
1131,0,0,0,0,0.0%,Alexandria
1132,3,3,5,4,33.3%,Alexandria
1133,4,2,3,1,-75.0%,Alexandria
1134,0,0,0,0,0.0%,Alexandria
1135,5,5,15,0,-100.0%,Alexandria
1136,0,0,0,0,0.0%,Alexandria
1137,0,0,6,3,0.0%,Alexandria
1138,0,0,0,0,0.0%,Alexandria
1139,223,92,107,77,-65.5%,Alexandria
1140,65,144,262,262,303.1%,Alexandria
1141,360,338,257,255,-29.2%,Alexandria
1142,277,0,0,0,-100.0%,Alexandria
1143,423,519,471,397,-6.1%,Alexandria
1144,0,0,0,0,0.0%,Alexandria
1145,0,0,0,1,0.0%,Alexandria
1146,0,0,0,0,0.0%,Alexandria
1147,0,0,0,0,0.0%,Alexandria
1148,222,189,205,155,-30.2%,Alexandria
1149,149,175,101,174,16.8%,Alexandria
1150,149,170,41,43,-71.1%,Alexandria
1151,66,163,89,67,1.5%,Alexandria
1152,682,896,902,412,-39.6%,Alexandria
1153,571,841,990,650,13.8%,Alexandria
1154,397,774,594,333,-16.1%,Alexandria
1155,2063,2830,1726,1337,-35.2%,Alexandria
1156,476,833,1107,848,78.2%,Alexandria
1157,1235,1164,1457,593,-52.0%,Alexandria
1158,533,463,615,317,-40.5%,Alexandria
1159,773,888,638,613,-20.7%,Alexandria
1160,61,74,2,3,-95.1%,Alexandria
1161,661,485,27,27,-95.9%,Alexandria
1163,299,405,191,121,-59.5%,Alexandria
1164,39,33,26,28,-28.2%,Alexandria
1201,18,2,3,2,-88.9%,Zetland
1202,0,0,0,0,0.0%,Zetland
1203,0,0,0,0,0.0%,Zetland
1204,3,3,3,3,0.0%,Zetland
1205,0,0,0,0,0.0%,Zetland
1206,0,0,0,0,0.0%,Zetland
1207,0,0,0,0,0.0%,Zetland
1208,8,26,14,14,75.0%,Zetland
1209,6,10,17,17,183.3%,Zetland
1210,0,0,1,1,0.0%,Zetland
1211,0,0,1,1,0.0%,Zetland
1212,6,9,14,13,116.7%,Zetland
1213,486,114,16,77,-84.2%,Zetland
1214,17,18,13,10,-41.2%,Zetland
1215,0,0,0,0,0.0%,Zetland
1216,0,3,1,2,0.0%,Zetland
