blocknum,parttime_2007,parttime_2012,parttime_2017,parttime_2022,parttimejob_growth_2007_2022_pct,suburb
1,5,2,33,40,700.0%,"Sydney CBD"
2,38,27,18,20,-47.4%,"Sydney CBD"
4,19,5,5,15,-21.1%,"Sydney CBD"
5,102,97,161,245,140.2%,"Sydney CBD"
6,66,37,25,19,-71.2%,"Sydney CBD"
7,18,18,10,0,-100.0%,"Sydney CBD"
8,0,0,0,10,0.0%,"Sydney CBD"
9,51,66,45,118,131.4%,"Sydney CBD"
10,43,43,46,74,72.1%,"Sydney CBD"
11,406,247,558,572,40.9%,"Sydney CBD"
12,138,166,129,247,79.0%,"Sydney CBD"
13,131,131,0,0,-100.0%,"Sydney CBD"
14,48,102,34,34,-29.2%,"Sydney CBD"
15,172,161,62,164,-4.7%,"Sydney CBD"
16,178,228,45,160,-10.1%,"Sydney CBD"
17,31,38,40,42,35.5%,"Sydney CBD"
18,77,126,78,129,67.5%,"Sydney CBD"
19,137,48,67,260,89.8%,"Sydney CBD"
20,66,200,111,300,354.5%,"Sydney CBD"
21,168,269,180,473,181.5%,"Sydney CBD"
22,158,155,149,116,-26.6%,"Sydney CBD"
23,54,37,56,54,0.0%,"Sydney CBD"
24,40,1,11,23,-42.5%,"Sydney CBD"
25,110,145,120,222,101.8%,"Sydney CBD"
26,205,235,76,219,6.8%,"Sydney CBD"
27,120,221,221,296,146.7%,"Sydney CBD"
28,184,150,181,439,138.6%,"Sydney CBD"
29,416,348,414,471,13.2%,"Sydney CBD"
30,236,223,329,75,-68.2%,"Sydney CBD"
31,108,111,283,374,246.3%,"Sydney CBD"
32,251,155,131,139,-44.6%,"Sydney CBD"
33,72,79,145,215,198.6%,"Sydney CBD"
34,180,197,91,492,173.3%,"Sydney CBD"
35,233,318,364,394,69.1%,"Sydney CBD"
36,119,133,314,349,193.3%,"Sydney CBD"
37,0,84,108,0,0.0%,"Sydney CBD"
38,31,50,6,0,-100.0%,"Sydney CBD"
39,146,59,368,382,161.6%,"Sydney CBD"
40,224,212,145,184,-17.9%,"Sydney CBD"
41,265,275,348,332,25.3%,"Sydney CBD"
42,277,288,449,516,86.3%,"Sydney CBD"
43,436,259,276,340,-22.0%,"Sydney CBD"
44,79,130,364,508,543.0%,"Sydney CBD"
45,410,431,469,799,94.9%,"Sydney CBD"
46,336,358,402,443,31.8%,"Sydney CBD"
47,137,76,33,158,15.3%,"Sydney CBD"
48,142,163,189,357,151.4%,"Sydney CBD"
49,54,67,146,1853,3331.5%,"Sydney CBD"
50,380,415,341,527,38.7%,"Sydney CBD"
51,117,189,227,302,158.1%,"Sydney CBD"
52,80,98,28,102,27.5%,"Sydney CBD"
53,295,372,183,172,-41.7%,"Sydney CBD"
54,472,755,661,1578,234.3%,"Sydney CBD"
55,469,417,663,1128,140.5%,"Sydney CBD"
56,85,290,185,187,120.0%,"Sydney CBD"
57,1,15,402,187,0.0%,"Sydney CBD"
58,52,263,244,682,1211.5%,"Sydney CBD"
59,323,329,136,318,-1.5%,"Sydney CBD"
60,106,106,40,109,2.8%,"Sydney CBD"
61,1084,742,519,344,-68.3%,"Sydney CBD"
62,217,181,72,192,-11.5%,"Sydney CBD"
63,62,72,101,276,345.2%,"Sydney CBD"
64,89,58,31,159,78.7%,"Sydney CBD"
65,110,106,161,195,77.3%,"Sydney CBD"
66,431,286,318,402,-6.7%,"Sydney CBD"
67,280,336,1286,1144,308.6%,"Sydney CBD"
68,260,239,388,591,127.3%,"Sydney CBD"
69,141,267,429,310,119.9%,"Sydney CBD"
70,85,89,177,368,332.9%,"Sydney CBD"
71,166,160,168,340,104.8%,"Sydney CBD"
72,97,175,0,192,97.9%,"Sydney CBD"
73,386,512,223,507,31.3%,"Sydney CBD"
74,192,252,415,361,88.0%,"Sydney CBD"
75,378,318,440,498,31.7%,"Sydney CBD"
76,337,699,553,953,182.8%,"Sydney CBD"
77,1986,2324,1142,2562,29.0%,"Sydney CBD"
78,1017,709,749,1849,81.8%,"Sydney CBD"
79,256,600,343,500,95.3%,"Sydney CBD"
80,777,853,561,892,14.8%,"Sydney CBD"
81,0,0,2,10,0.0%,"Sydney CBD"
82,84,37,199,192,128.6%,"Sydney CBD"
83,545,555,1060,842,54.5%,"Sydney CBD"
85,106,177,206,282,166.0%,"Sydney CBD"
86,309,250,177,298,-3.6%,"Sydney CBD"
87,237,366,213,486,105.1%,"Sydney CBD"
88,593,388,295,805,35.8%,"Sydney CBD"
89,1765,1699,697,1988,12.6%,"Sydney CBD"
90,995,1040,963,677,-32.0%,"Sydney CBD"
91,278,443,482,580,108.6%,"Sydney CBD"
93,39,116,89,144,269.2%,"Sydney CBD"
94,107,164,217,345,222.4%,"Sydney CBD"
95,76,153,387,462,507.9%,"Sydney CBD"
96,428,503,414,503,17.5%,"Sydney CBD"
97,302,419,321,280,-7.3%,"Sydney CBD"
98,99,155,212,321,224.2%,"Sydney CBD"
100,0,0,52,423,0.0%,"Sydney CBD"
101,3,3,14,20,566.7%,"Sydney CBD"
102,8,3,0,2,-75.0%,"Sydney CBD"
103,25,36,40,107,328.0%,"Sydney CBD"
104,58,59,80,82,41.4%,"Sydney CBD"
105,10,2,1,4,-60.0%,"Sydney CBD"
106,1,12,18,45,0.0%,"Sydney CBD"
108,18,16,42,17,-5.6%,"Sydney CBD"
109,5,5,6,38,660.0%,"Sydney CBD"
110,224,200,129,209,-6.7%,"Sydney CBD"
111,75,183,57,281,274.7%,"Sydney CBD"
113,502,687,709,1208,140.6%,"Sydney CBD"
114,73,117,31,107,46.6%,"Sydney CBD"
115,77,214,37,148,92.2%,"Sydney CBD"
116,205,441,335,650,217.1%,"Sydney CBD"
118,0,89,106,87,0.0%,"Sydney CBD"
119,145,212,370,144,-0.7%,"Sydney CBD"
120,346,435,264,265,-23.4%,"Sydney CBD"
121,132,106,18,275,108.3%,"Sydney CBD"
122,142,87,46,44,-69.0%,"Sydney CBD"
123,341,336,70,229,-32.8%,"Sydney CBD"
124,277,264,292,481,73.6%,"Sydney CBD"
125,106,158,209,926,773.6%,"Sydney CBD"
126,647,917,1211,2038,215.0%,"Sydney CBD"
127,493,462,395,482,-2.2%,"Sydney CBD"
128,184,15,61,61,-66.8%,"Sydney CBD"
129,91,117,62,134,47.3%,"Sydney CBD"
130,97,213,210,239,146.4%,"Sydney CBD"
131,40,51,40,65,62.5%,"Sydney CBD"
132,27,34,72,240,788.9%,"Sydney CBD"
133,2,12,20,26,1200.0%,"Sydney CBD"
135,12,29,55,61,408.3%,"Sydney CBD"
136,199,207,221,250,25.6%,"Sydney CBD"
137,160,355,381,284,77.5%,"Sydney CBD"
138,112,115,189,166,48.2%,"Sydney CBD"
139,164,246,212,259,57.9%,"Sydney CBD"
140,179,277,175,351,96.1%,"Sydney CBD"
141,3,1,0,0,-100.0%,"Sydney CBD"
142,69,92,26,93,34.8%,"Sydney CBD"
144,192,297,153,377,96.4%,"Sydney CBD"
145,96,182,161,263,174.0%,"Sydney CBD"
147,13,64,28,160,1130.8%,"Sydney CBD"
148,1790,2453,1205,1086,-39.3%,"Sydney CBD"
149,65,60,76,84,29.2%,"Sydney CBD"
150,12,10,15,53,341.7%,"Sydney CBD"
151,83,94,65,95,14.5%,"Sydney CBD"
152,95,98,127,78,-17.9%,"Sydney CBD"
153,187,186,121,170,-9.1%,"Sydney CBD"
154,82,97,77,113,37.8%,"Sydney CBD"
155,15,11,12,5,-66.7%,"Sydney CBD"
156,150,150,81,318,112.0%,"Sydney CBD"
157,0,0,0,0,0.0%,"Sydney CBD"
158,6,2,150,183,2950.0%,"Sydney CBD"
159,105,63,155,163,55.2%,"Sydney CBD"
161,28,144,348,523,1767.9%,"Sydney CBD"
162,11,355,1,27,145.5%,"Sydney CBD"
163,0,0,155,98,0.0%,"Sydney CBD"
164,140,220,228,346,147.1%,"Sydney CBD"
165,411,342,726,824,100.5%,"Sydney CBD"
166,10,6,5,68,580.0%,"Sydney CBD"
167,14,64,25,58,314.3%,"Sydney CBD"
168,60,80,60,202,236.7%,"Sydney CBD"
169,0,142,165,85,0.0%,"Sydney CBD"
170,2,2,8,15,650.0%,"Sydney CBD"
171,7,10,5,11,57.1%,"Sydney CBD"
172,146,142,43,30,-79.5%,"Sydney CBD"
173,12,16,89,61,408.3%,"Sydney CBD"
174,3,0,0,8,166.7%,"Sydney CBD"
175,94,139,99,159,69.1%,"Sydney CBD"
176,14,24,29,40,185.7%,"Sydney CBD"
177,3,9,8,25,733.3%,"Sydney CBD"
178,13,14,6,55,323.1%,"Sydney CBD"
179,1,36,791,762,0.0%,"Sydney CBD"
180,0,0,194,224,0.0%,"Sydney CBD"
181,64,1457,161,276,331.3%,"Sydney CBD"
182,3,20,251,189,6200.0%,"Sydney CBD"
183,102,643,274,422,313.7%,"Sydney CBD"
184,54,89,177,118,118.5%,"Sydney CBD"
185,10,69,43,21,110.0%,"Sydney CBD"
186,32,31,6,8,-75.0%,"Sydney CBD"
187,10,10,8,11,10.0%,"Sydney CBD"
188,0,0,0,0,0.0%,"Sydney CBD"
189,0,0,64,88,0.0%,"Sydney CBD"
190,1,1,1,0,0.0%,"Sydney CBD"
191,0,56,78,109,0.0%,"Sydney CBD"
192,2,50,18,45,2150.0%,"Sydney CBD"
193,0,4,6,16,0.0%,"Sydney CBD"
194,0,0,0,0,0.0%,"Sydney CBD"
195,11,20,13,22,100.0%,"Sydney CBD"
196,44,12,98,213,384.1%,"Sydney CBD"
198,0,1,5,6,0.0%,"Sydney CBD"
199,0,0,0,0,0.0%,"Sydney CBD"
200,5,4,0,8,60.0%,"Sydney CBD"
201,0,0,0,0,0.0%,"Sydney CBD"
203,56,75,16,23,-58.9%,"Sydney CBD"
204,31,24,2,23,-25.8%,"Sydney CBD"
205,15,21,16,16,6.7%,"Sydney CBD"
206,29,76,1,19,-34.5%,"Sydney CBD"
207,21,17,13,24,14.3%,"Sydney CBD"
208,7,4,1,10,42.9%,"Sydney CBD"
209,1,18,23,41,0.0%,"Sydney CBD"
210,78,101,104,96,23.1%,"Sydney CBD"
211,17,23,32,12,-29.4%,"Sydney CBD"
212,278,300,263,455,63.7%,"Sydney CBD"
213,3,4,12,0,-100.0%,"Sydney CBD"
214,21,47,23,26,23.8%,"Sydney CBD"
215,1350,1016,1820,1459,8.1%,"Sydney CBD"
216,12,30,34,98,716.7%,"Sydney CBD"
217,30,168,151,84,180.0%,"Sydney CBD"
218,0,2,0,0,0.0%,"Sydney CBD"
219,0,204,173,149,0.0%,"Sydney CBD"
220,22,77,61,76,245.5%,"Sydney CBD"
223,90,218,216,227,152.2%,"Sydney CBD"
225,12,2,0,46,283.3%,"Sydney CBD"
226,90,167,39,109,21.1%,"Sydney CBD"
227,0,0,0,0,0.0%,"Sydney CBD"
228,2,10,5,4,100.0%,"Sydney CBD"
229,24,41,94,53,120.8%,"Sydney CBD"
230,7,37,82,516,7271.4%,"Sydney CBD"
231,3,27,18,18,500.0%,"Sydney CBD"
232,0,4,15,3,0.0%,"Sydney CBD"
233,110,142,413,229,108.2%,"Sydney CBD"
234,45,390,479,352,682.2%,"Sydney CBD"
235,0,3,5,3,0.0%,"Sydney CBD"
236,0,0,0,0,0.0%,"Sydney CBD"
237,0,24,73,81,0.0%,"Sydney CBD"
238,32,195,810,417,1203.1%,"Sydney CBD"
239,22,21,20,33,50.0%,"Sydney CBD"
240,0,2,2,3,0.0%,"Sydney CBD"
241,511,853,635,216,-57.7%,"Sydney CBD"
300,56,39,128,119,112.5%,"Pott Point"
301,5,5,7,11,120.0%,"Pott Point"
302,54,67,57,22,-59.3%,"Pott Point"
303,32,42,45,44,37.5%,"Pott Point"
304,6,6,2,5,-16.7%,"Pott Point"
305,13,13,66,133,923.1%,"Pott Point"
306,0,8,0,1,0.0%,"Pott Point"
307,11,7,13,44,300.0%,"Pott Point"
308,1,289,286,286,0.0%,"Pott Point"
309,0,0,0,0,0.0%,"Pott Point"
310,0,0,0,0,0.0%,"Pott Point"
311,0,0,0,0,0.0%,"Pott Point"
312,0,0,0,0,0.0%,"Pott Point"
313,0,0,0,0,0.0%,"Pott Point"
314,28,28,18,53,89.3%,"Pott Point"
315,58,64,97,212,265.5%,"Pott Point"
316,64,66,23,64,0.0%,"Pott Point"
317,12,12,22,30,150.0%,"Pott Point"
318,16,99,22,65,306.3%,"Pott Point"
319,4,4,0,8,100.0%,"Pott Point"
320,65,99,73,138,112.3%,"Pott Point"
321,16,51,80,129,706.3%,"Pott Point"
322,5,17,1,17,240.0%,"Pott Point"
323,62,70,23,53,-14.5%,"Pott Point"
324,116,272,150,215,85.3%,"Pott Point"
325,3,7,1,14,366.7%,"Pott Point"
326,62,104,63,81,30.6%,"Pott Point"
327,8,81,10,59,637.5%,"Pott Point"
328,0,0,0,0,0.0%,"Pott Point"
329,14,11,5,28,100.0%,"Pott Point"
330,1,4,0,2,0.0%,"Pott Point"
331,29,9,2,25,-13.8%,"Pott Point"
332,3,4,1,4,33.3%,"Pott Point"
333,15,8,24,15,0.0%,"Pott Point"
334,0,0,0,0,0.0%,"Pott Point"
335,0,0,3,8,0.0%,"Pott Point"
336,47,47,51,33,-29.8%,"Pott Point"
337,33,15,11,7,-78.8%,"Pott Point"
338,66,77,15,99,50.0%,"Pott Point"
339,54,53,108,139,157.4%,"Pott Point"
340,27,14,6,10,-63.0%,"Pott Point"
341,0,0,0,0,0.0%,"Pott Point"
342,0,2,2,0,0.0%,"Pott Point"
343,17,30,24,52,205.9%,"Pott Point"
344,5,10,5,8,60.0%,"Pott Point"
345,10,5,0,19,90.0%,"Pott Point"
346,3,29,2,0,-100.0%,"Pott Point"
347,4,8,7,0,-100.0%,"Pott Point"
348,11,0,10,12,9.1%,"Pott Point"
349,14,14,4,2,-85.7%,"Pott Point"
350,129,75,93,72,-44.2%,"Pott Point"
351,7,15,8,15,114.3%,"Pott Point"
352,1,8,9,20,0.0%,"Pott Point"
353,4,1,21,6,50.0%,"Pott Point"
354,23,46,77,66,187.0%,"Pott Point"
355,10,9,11,15,50.0%,"Pott Point"
356,0,4,0,3,0.0%,"Pott Point"
357,20,22,64,84,320.0%,"Pott Point"
360,53,39,42,558,952.8%,"Moore Park"
361,17,22,8,309,1717.6%,"Moore Park"
362,445,341,135,772,73.5%,"Moore Park"
363,5,10,8,27,440.0%,"Moore Park"
370,17,17,52,84,394.1%,"Moore Park"
371,41,41,6,22,-46.3%,"Moore Park"
372,0,0,0,1,0.0%,"Moore Park"
373,36,35,16,86,138.9%,"Moore Park"
374,0,0,0,0,0.0%,"Moore Park"
375,1,0,0,3,0.0%,"Moore Park"
376,1,4,2,1,0.0%,"Moore Park"
377,0,0,0,0,0.0%,"Moore Park"
378,0,0,0,0,0.0%,"Moore Park"
379,0,0,0,6,0.0%,"Moore Park"
380,0,0,0,0,0.0%,"Moore Park"
381,6,3,1,2,-66.7%,"Moore Park"
382,7,0,0,19,171.4%,"Moore Park"
383,47,37,13,55,17.0%,"Moore Park"
384,6,7,2,15,150.0%,"Moore Park"
385,4,4,1,1,-75.0%,"Moore Park"
386,0,0,0,0,0.0%,"Moore Park"
387,0,0,0,0,0.0%,"Moore Park"
388,0,0,0,0,0.0%,"Moore Park"
389,0,0,1,1,0.0%,"Moore Park"
390,1,1,0,0,0.0%,"Moore Park"
391,39,39,34,117,200.0%,"Moore Park"
392,12,16,21,17,41.7%,"Moore Park"
393,7,7,3,4,-42.9%,"Moore Park"
394,6,6,8,8,33.3%,"Moore Park"
395,0,0,0,0,0.0%,"Moore Park"
396,0,0,0,0,0.0%,"Moore Park"
398,43,80,182,300,597.7%,"Moore Park"
399,0,0,0,2,0.0%,"Moore Park"
400,1,1,2,5,0.0%,"Darlinghurst and Surry Hill"
401,38,178,150,271,613.2%,"Darlinghurst and Surry Hill"
402,131,115,52,108,-17.6%,"Darlinghurst and Surry Hill"
403,131,134,102,299,128.2%,"Darlinghurst and Surry Hill"
404,120,97,51,43,-64.2%,"Darlinghurst and Surry Hill"
405,13,27,21,24,84.6%,"Darlinghurst and Surry Hill"
406,13,5,21,41,215.4%,"Darlinghurst and Surry Hill"
407,231,366,167,419,81.4%,"Darlinghurst and Surry Hill"
408,1,15,12,12,0.0%,"Darlinghurst and Surry Hill"
409,0,0,0,0,0.0%,"Darlinghurst and Surry Hill"
410,2,2,0,0,-100.0%,"Darlinghurst and Surry Hill"
411,34,54,48,41,20.6%,"Darlinghurst and Surry Hill"
412,0,0,0,0,0.0%,"Darlinghurst and Surry Hill"
413,24,22,39,15,-37.5%,"Darlinghurst and Surry Hill"
414,15,11,38,45,200.0%,"Darlinghurst and Surry Hill"
415,3,3,8,18,500.0%,"Darlinghurst and Surry Hill"
416,14,52,18,27,92.9%,"Darlinghurst and Surry Hill"
417,2,0,15,15,650.0%,"Darlinghurst and Surry Hill"
418,0,0,0,0,0.0%,"Darlinghurst and Surry Hill"
419,1,16,10,14,0.0%,"Darlinghurst and Surry Hill"
420,11,7,5,24,118.2%,"Darlinghurst and Surry Hill"
421,16,1,4,5,-68.8%,"Darlinghurst and Surry Hill"
422,452,400,157,157,-65.3%,"Darlinghurst and Surry Hill"
423,82,82,17,17,-79.3%,"Darlinghurst and Surry Hill"
424,23,23,39,39,69.6%,"Darlinghurst and Surry Hill"
425,0,0,0,0,0.0%,"Darlinghurst and Surry Hill"
426,0,0,0,0,0.0%,"Darlinghurst and Surry Hill"
427,13,13,20,22,69.2%,"Darlinghurst and Surry Hill"
428,34,74,62,62,82.4%,"Darlinghurst and Surry Hill"
429,15,30,9,9,-40.0%,"Darlinghurst and Surry Hill"
430,33,117,101,110,233.3%,"Darlinghurst and Surry Hill"
431,30,40,18,18,-40.0%,"Darlinghurst and Surry Hill"
432,4,15,23,28,600.0%,"Darlinghurst and Surry Hill"
433,47,201,61,170,261.7%,"Darlinghurst and Surry Hill"
434,2,2,120,138,6800.0%,"Darlinghurst and Surry Hill"
435,2,0,0,0,-100.0%,"Darlinghurst and Surry Hill"
436,17,16,15,15,-11.8%,"Darlinghurst and Surry Hill"
437,9,61,37,42,366.7%,"Darlinghurst and Surry Hill"
438,7,2,5,25,257.1%,"Darlinghurst and Surry Hill"
439,30,21,34,30,0.0%,"Darlinghurst and Surry Hill"
440,14,24,20,24,71.4%,"Darlinghurst and Surry Hill"
441,10,38,3,35,250.0%,"Darlinghurst and Surry Hill"
442,34,41,52,52,52.9%,"Darlinghurst and Surry Hill"
443,2,0,0,0,-100.0%,"Darlinghurst and Surry Hill"
444,30,24,6,14,-53.3%,"Darlinghurst and Surry Hill"
445,34,16,14,14,-58.8%,"Darlinghurst and Surry Hill"
446,10,51,19,19,90.0%,"Darlinghurst and Surry Hill"
447,6,48,11,19,216.7%,"Darlinghurst and Surry Hill"
448,4,13,14,13,225.0%,"Darlinghurst and Surry Hill"
449,7,24,36,50,614.3%,"Darlinghurst and Surry Hill"
450,8,30,10,10,25.0%,"Darlinghurst and Surry Hill"
451,9,57,46,34,277.8%,"Darlinghurst and Surry Hill"
452,27,106,33,29,7.4%,"Darlinghurst and Surry Hill"
453,49,50,22,39,-20.4%,"Darlinghurst and Surry Hill"
454,115,138,68,145,26.1%,"Darlinghurst and Surry Hill"
455,16,51,32,12,-25.0%,"Darlinghurst and Surry Hill"
456,16,57,74,68,325.0%,"Darlinghurst and Surry Hill"
457,70,31,120,120,71.4%,"Darlinghurst and Surry Hill"
458,6,52,93,108,1700.0%,"Darlinghurst and Surry Hill"
459,138,135,44,121,-12.3%,"Darlinghurst and Surry Hill"
460,10,3,2,3,-70.0%,"Darlinghurst and Surry Hill"
461,2,9,5,14,600.0%,"Darlinghurst and Surry Hill"
462,11,14,7,3,-72.7%,"Darlinghurst and Surry Hill"
463,8,31,11,45,462.5%,"Darlinghurst and Surry Hill"
464,94,113,64,81,-13.8%,"Darlinghurst and Surry Hill"
465,52,98,317,233,348.1%,"Darlinghurst and Surry Hill"
466,111,63,82,83,-25.2%,"Darlinghurst and Surry Hill"
467,19,66,64,64,236.8%,"Darlinghurst and Surry Hill"
468,119,89,46,138,16.0%,"Darlinghurst and Surry Hill"
469,110,165,113,216,96.4%,"Darlinghurst and Surry Hill"
470,33,46,31,45,36.4%,"Darlinghurst and Surry Hill"
471,61,227,124,228,273.8%,"Darlinghurst and Surry Hill"
472,33,35,14,19,-42.4%,"Darlinghurst and Surry Hill"
473,92,181,91,91,-1.1%,"Darlinghurst and Surry Hill"
474,46,48,53,92,100.0%,"Darlinghurst and Surry Hill"
475,3,3,2,1,-66.7%,"Darlinghurst and Surry Hill"
476,9,12,4,14,55.6%,"Darlinghurst and Surry Hill"
477,34,32,26,23,-32.4%,"Darlinghurst and Surry Hill"
478,63,63,25,25,-60.3%,"Darlinghurst and Surry Hill"
479,0,93,124,71,0.0%,"Darlinghurst and Surry Hill"
480,4,4,0,0,-100.0%,"Darlinghurst and Surry Hill"
481,2,2,4,0,-100.0%,"Darlinghurst and Surry Hill"
482,5,0,28,28,460.0%,"Darlinghurst and Surry Hill"
483,20,0,18,162,710.0%,"Darlinghurst and Surry Hill"
484,78,46,20,20,-74.4%,"Darlinghurst and Surry Hill"
485,3,12,5,23,666.7%,"Darlinghurst and Surry Hill"
486,3,0,0,8,166.7%,"Darlinghurst and Surry Hill"
487,26,31,39,39,50.0%,"Darlinghurst and Surry Hill"
488,9,0,0,3,-66.7%,"Darlinghurst and Surry Hill"
489,45,35,38,37,-17.8%,"Darlinghurst and Surry Hill"
490,14,26,7,7,-50.0%,"Darlinghurst and Surry Hill"
491,13,24,14,14,7.7%,"Darlinghurst and Surry Hill"
492,11,22,23,39,254.5%,"Darlinghurst and Surry Hill"
493,17,21,19,19,11.8%,"Darlinghurst and Surry Hill"
494,16,10,31,31,93.8%,"Darlinghurst and Surry Hill"
495,14,4,0,1,-92.9%,"Darlinghurst and Surry Hill"
496,10,13,11,11,10.0%,"Darlinghurst and Surry Hill"
497,9,17,14,14,55.6%,"Darlinghurst and Surry Hill"
498,34,29,36,29,-14.7%,"Darlinghurst and Surry Hill"
499,30,66,162,159,430.0%,"Darlinghurst and Surry Hill"
500,9,12,16,24,166.7%,"Darlinghurst and Surry Hill"
501,4,4,6,3,-25.0%,"Darlinghurst and Surry Hill"
502,100,77,24,32,-68.0%,"Darlinghurst and Surry Hill"
503,3,9,9,14,366.7%,"Darlinghurst and Surry Hill"
504,4,2,6,5,25.0%,"Darlinghurst and Surry Hill"
505,5,4,12,17,240.0%,"Darlinghurst and Surry Hill"
507,25,37,32,23,-8.0%,"Darlinghurst and Surry Hill"
508,1,19,72,13,0.0%,"Darlinghurst and Surry Hill"
509,9,35,19,42,366.7%,"Darlinghurst and Surry Hill"
510,1,1,15,48,0.0%,"Darlinghurst and Surry Hill"
511,37,40,42,43,16.2%,"Darlinghurst and Surry Hill"
512,12,12,71,46,283.3%,"Darlinghurst and Surry Hill"
513,21,21,33,26,23.8%,"Darlinghurst and Surry Hill"
514,69,50,41,98,42.0%,"Darlinghurst and Surry Hill"
515,59,45,54,58,-1.7%,"Darlinghurst and Surry Hill"
516,33,44,65,70,112.1%,"Darlinghurst and Surry Hill"
517,82,83,102,109,32.9%,"Darlinghurst and Surry Hill"
518,208,200,377,377,81.3%,"Darlinghurst and Surry Hill"
519,0,0,0,0,0.0%,"Darlinghurst and Surry Hill"
520,0,0,0,0,0.0%,"Darlinghurst and Surry Hill"
521,2,7,64,60,2900.0%,"Darlinghurst and Surry Hill"
522,8,41,64,64,700.0%,"Darlinghurst and Surry Hill"
523,49,208,548,407,730.6%,"Darlinghurst and Surry Hill"
524,407,537,389,389,-4.4%,"Darlinghurst and Surry Hill"
525,37,27,25,19,-48.6%,"Darlinghurst and Surry Hill"
526,23,48,59,59,156.5%,"Darlinghurst and Surry Hill"
527,0,0,6,5,0.0%,"Darlinghurst and Surry Hill"
528,7,42,47,47,571.4%,"Darlinghurst and Surry Hill"
529,22,38,48,48,118.2%,"Darlinghurst and Surry Hill"
530,46,72,127,217,371.7%,"Darlinghurst and Surry Hill"
531,5,13,17,17,240.0%,"Darlinghurst and Surry Hill"
532,13,49,51,51,292.3%,"Darlinghurst and Surry Hill"
533,1,1,3,3,0.0%,"Darlinghurst and Surry Hill"
534,7,9,22,22,214.3%,"Darlinghurst and Surry Hill"
535,0,0,0,0,0.0%,"Darlinghurst and Surry Hill"
536,0,0,0,0,0.0%,"Darlinghurst and Surry Hill"
537,25,28,36,36,44.0%,"Darlinghurst and Surry Hill"
538,3,3,2,2,-33.3%,"Darlinghurst and Surry Hill"
539,0,0,0,0,0.0%,"Darlinghurst and Surry Hill"
540,15,15,1,1,-93.3%,"Darlinghurst and Surry Hill"
541,5,4,1,12,140.0%,"Darlinghurst and Surry Hill"
542,2,4,14,8,300.0%,"Darlinghurst and Surry Hill"
543,0,0,4,1,0.0%,"Darlinghurst and Surry Hill"
544,31,32,13,23,-25.8%,"Darlinghurst and Surry Hill"
545,42,63,76,78,85.7%,"Darlinghurst and Surry Hill"
546,17,22,32,17,0.0%,"Darlinghurst and Surry Hill"
547,2,8,7,7,250.0%,"Darlinghurst and Surry Hill"
548,14,16,10,15,7.1%,"Darlinghurst and Surry Hill"
549,0,4,7,7,0.0%,"Darlinghurst and Surry Hill"
550,49,39,62,67,36.7%,"Darlinghurst and Surry Hill"
551,15,17,50,50,233.3%,"Darlinghurst and Surry Hill"
552,0,5,21,0,0.0%,"Darlinghurst and Surry Hill"
553,0,0,2,2,0.0%,"Darlinghurst and Surry Hill"
554,14,20,15,18,28.6%,"Darlinghurst and Surry Hill"
555,15,5,63,81,440.0%,"Darlinghurst and Surry Hill"
556,7,180,176,164,2242.9%,"Darlinghurst and Surry Hill"
557,0,0,3,2,0.0%,"Darlinghurst and Surry Hill"
558,6,339,4,4,-33.3%,"Darlinghurst and Surry Hill"
560,23,23,35,35,52.2%,"Darlinghurst and Surry Hill"
561,43,48,16,83,93.0%,"Darlinghurst and Surry Hill"
562,481,22,22,22,-95.4%,"Darlinghurst and Surry Hill"
563,83,52,53,53,-36.1%,"Darlinghurst and Surry Hill"
564,110,110,334,334,203.6%,"Darlinghurst and Surry Hill"
565,9,70,118,118,1211.1%,"Darlinghurst and Surry Hill"
566,18,18,22,33,83.3%,"Darlinghurst and Surry Hill"
567,27,50,52,52,92.6%,"Darlinghurst and Surry Hill"
568,4,23,84,84,2000.0%,"Darlinghurst and Surry Hill"
569,4,15,12,12,200.0%,"Darlinghurst and Surry Hill"
570,46,116,54,54,17.4%,"Darlinghurst and Surry Hill"
571,1,10,20,20,0.0%,"Darlinghurst and Surry Hill"
572,0,7,32,32,0.0%,"Darlinghurst and Surry Hill"
573,3,16,16,16,433.3%,"Darlinghurst and Surry Hill"
574,17,22,33,33,94.1%,"Darlinghurst and Surry Hill"
575,7,15,79,79,1028.6%,"Darlinghurst and Surry Hill"
576,5,11,16,7,40.0%,"Darlinghurst and Surry Hill"
577,30,54,84,84,180.0%,"Darlinghurst and Surry Hill"
578,11,25,18,18,63.6%,"Darlinghurst and Surry Hill"
579,44,82,56,56,27.3%,"Darlinghurst and Surry Hill"
580,0,0,0,0,0.0%,"Darlinghurst and Surry Hill"
581,2,2,2,1,-50.0%,"Darlinghurst and Surry Hill"
582,13,13,36,36,176.9%,"Darlinghurst and Surry Hill"
583,0,22,5,5,0.0%,"Darlinghurst and Surry Hill"
584,0,0,0,0,0.0%,"Darlinghurst and Surry Hill"
585,0,0,0,5,0.0%,"Darlinghurst and Surry Hill"
586,40,46,74,74,85.0%,"Darlinghurst and Surry Hill"
587,13,22,46,46,253.8%,"Darlinghurst and Surry Hill"
588,0,0,0,0,0.0%,"Darlinghurst and Surry Hill"
589,10,6,13,13,30.0%,"Darlinghurst and Surry Hill"
590,19,21,14,20,5.3%,"Darlinghurst and Surry Hill"
591,3,0,1,8,166.7%,"Darlinghurst and Surry Hill"
592,0,0,0,0,0.0%,"Darlinghurst and Surry Hill"
593,0,0,0,0,0.0%,"Darlinghurst and Surry Hill"
594,6,8,4,7,16.7%,"Darlinghurst and Surry Hill"
595,0,0,0,0,0.0%,"Darlinghurst and Surry Hill"
596,86,86,51,51,-40.7%,"Darlinghurst and Surry Hill"
597,159,156,76,0,-100.0%,"Darlinghurst and Surry Hill"
598,0,1,0,0,0.0%,"Darlinghurst and Surry Hill"
599,0,0,0,0,0.0%,"Darlinghurst and Surry Hill"
600,1,1,4,5,0.0%,"Redfern, Erskineville and Macdonaldtown"
601,0,0,0,0,0.0%,"Redfern, Erskineville and Macdonaldtown"
602,19,17,10,3,-84.2%,"Redfern, Erskineville and Macdonaldtown"
603,0,0,0,0,0.0%,"Redfern, Erskineville and Macdonaldtown"
604,0,0,0,0,0.0%,"Redfern, Erskineville and Macdonaldtown"
605,3,3,2,2,-33.3%,"Redfern, Erskineville and Macdonaldtown"
606,3,3,0,0,-100.0%,"Redfern, Erskineville and Macdonaldtown"
607,0,0,0,0,0.0%,"Redfern, Erskineville and Macdonaldtown"
608,0,10,5,5,0.0%,"Redfern, Erskineville and Macdonaldtown"
609,5,14,16,11,120.0%,"Redfern, Erskineville and Macdonaldtown"
610,150,169,136,136,-9.3%,"Redfern, Erskineville and Macdonaldtown"
611,3,7,21,21,600.0%,"Redfern, Erskineville and Macdonaldtown"
612,0,0,0,0,0.0%,"Redfern, Erskineville and Macdonaldtown"
613,0,0,0,0,0.0%,"Redfern, Erskineville and Macdonaldtown"
614,0,0,8,8,0.0%,"Redfern, Erskineville and Macdonaldtown"
615,0,0,0,0,0.0%,"Redfern, Erskineville and Macdonaldtown"
616,0,0,0,0,0.0%,"Redfern, Erskineville and Macdonaldtown"
617,0,1,3,3,0.0%,"Redfern, Erskineville and Macdonaldtown"
618,1,0,0,0,0.0%,"Redfern, Erskineville and Macdonaldtown"
619,17,23,17,17,0.0%,"Redfern, Erskineville and Macdonaldtown"
620,0,0,0,8,0.0%,"Redfern, Erskineville and Macdonaldtown"
621,0,0,0,0,0.0%,"Redfern, Erskineville and Macdonaldtown"
622,0,8,9,14,0.0%,"Redfern, Erskineville and Macdonaldtown"
623,9,4,2,9,0.0%,"Redfern, Erskineville and Macdonaldtown"
624,5,5,5,5,0.0%,"Redfern, Erskineville and Macdonaldtown"
625,0,6,8,7,0.0%,"Redfern, Erskineville and Macdonaldtown"
626,24,73,104,104,333.3%,"Redfern, Erskineville and Macdonaldtown"
627,28,18,13,13,-53.6%,"Redfern, Erskineville and Macdonaldtown"
628,122,122,152,152,24.6%,"Redfern, Erskineville and Macdonaldtown"
629,23,20,6,6,-73.9%,"Redfern, Erskineville and Macdonaldtown"
630,7,6,20,20,185.7%,"Redfern, Erskineville and Macdonaldtown"
631,0,0,124,124,0.0%,"Redfern, Erskineville and Macdonaldtown"
632,11,8,11,4,-63.6%,"Redfern, Erskineville and Macdonaldtown"
633,0,0,0,3,0.0%,"Redfern, Erskineville and Macdonaldtown"
634,1,1,0,0,0.0%,"Redfern, Erskineville and Macdonaldtown"
635,0,0,0,0,0.0%,"Redfern, Erskineville and Macdonaldtown"
636,91,1,0,0,-100.0%,"Redfern, Erskineville and Macdonaldtown"
637,0,0,0,2,0.0%,"Redfern, Erskineville and Macdonaldtown"
638,42,25,29,29,-31.0%,"Redfern, Erskineville and Macdonaldtown"
639,16,18,57,57,256.3%,"Redfern, Erskineville and Macdonaldtown"
640,0,3,1,1,0.0%,"Redfern, Erskineville and Macdonaldtown"
641,2,10,8,8,300.0%,"Redfern, Erskineville and Macdonaldtown"
642,4,4,15,15,275.0%,"Redfern, Erskineville and Macdonaldtown"
643,0,4,3,3,0.0%,"Redfern, Erskineville and Macdonaldtown"
644,10,33,71,71,610.0%,"Redfern, Erskineville and Macdonaldtown"
645,3,9,7,7,133.3%,"Redfern, Erskineville and Macdonaldtown"
646,4,4,5,5,25.0%,"Redfern, Erskineville and Macdonaldtown"
647,6,25,44,44,633.3%,"Redfern, Erskineville and Macdonaldtown"
648,29,111,115,115,296.6%,"Redfern, Erskineville and Macdonaldtown"
649,16,53,43,43,168.8%,"Redfern, Erskineville and Macdonaldtown"
650,8,8,42,42,425.0%,"Redfern, Erskineville and Macdonaldtown"
651,8,24,22,22,175.0%,"Redfern, Erskineville and Macdonaldtown"
652,78,33,89,89,14.1%,"Redfern, Erskineville and Macdonaldtown"
653,0,0,0,0,0.0%,"Redfern, Erskineville and Macdonaldtown"
654,0,0,0,0,0.0%,"Redfern, Erskineville and Macdonaldtown"
655,0,0,0,0,0.0%,"Redfern, Erskineville and Macdonaldtown"
656,13,40,72,1,-92.3%,"Redfern, Erskineville and Macdonaldtown"
657,35,59,47,47,34.3%,"Redfern, Erskineville and Macdonaldtown"
658,0,4,0,6,0.0%,"Redfern, Erskineville and Macdonaldtown"
659,8,14,4,4,-50.0%,"Redfern, Erskineville and Macdonaldtown"
660,8,4,4,4,-50.0%,"Redfern, Erskineville and Macdonaldtown"
661,4,5,9,9,125.0%,"Redfern, Erskineville and Macdonaldtown"
662,6,4,22,0,-100.0%,"Redfern, Erskineville and Macdonaldtown"
664,0,0,0,0,0.0%,"Redfern, Erskineville and Macdonaldtown"
665,3,409,12,12,300.0%,"Redfern, Erskineville and Macdonaldtown"
666,0,2,0,6,0.0%,"Redfern, Erskineville and Macdonaldtown"
667,2,6,16,16,700.0%,"Redfern, Erskineville and Macdonaldtown"
668,0,0,0,0,0.0%,"Redfern, Erskineville and Macdonaldtown"
669,6,0,17,17,183.3%,"Redfern, Erskineville and Macdonaldtown"
670,1,5,33,33,0.0%,"Redfern, Erskineville and Macdonaldtown"
671,0,0,0,3,0.0%,"Redfern, Erskineville and Macdonaldtown"
672,0,8,5,12,0.0%,"Redfern, Erskineville and Macdonaldtown"
673,3,0,10,10,233.3%,"Redfern, Erskineville and Macdonaldtown"
674,10,1,5,5,-50.0%,"Redfern, Erskineville and Macdonaldtown"
675,0,4,16,17,0.0%,"Redfern, Erskineville and Macdonaldtown"
676,0,0,0,0,0.0%,"Redfern, Erskineville and Macdonaldtown"
677,0,0,0,0,0.0%,"Redfern, Erskineville and Macdonaldtown"
678,0,0,2,2,0.0%,"Redfern, Erskineville and Macdonaldtown"
679,2,16,48,48,2300.0%,"Redfern, Erskineville and Macdonaldtown"
680,0,4,2,2,0.0%,"Redfern, Erskineville and Macdonaldtown"
681,0,0,0,0,0.0%,"Redfern, Erskineville and Macdonaldtown"
682,0,2,2,2,0.0%,"Redfern, Erskineville and Macdonaldtown"
683,2,4,2,2,0.0%,"Redfern, Erskineville and Macdonaldtown"
684,5,15,26,26,420.0%,"Redfern, Erskineville and Macdonaldtown"
685,0,0,0,11,0.0%,"Redfern, Erskineville and Macdonaldtown"
686,1,12,2,2,0.0%,"Redfern, Erskineville and Macdonaldtown"
687,8,9,6,6,-25.0%,"Redfern, Erskineville and Macdonaldtown"
688,148,131,230,54,-63.5%,"Redfern, Erskineville and Macdonaldtown"
689,2,2,1,1,-50.0%,"Redfern, Erskineville and Macdonaldtown"
690,18,39,20,20,11.1%,"Redfern, Erskineville and Macdonaldtown"
691,46,54,27,27,-41.3%,"Redfern, Erskineville and Macdonaldtown"
692,0,1,3,3,0.0%,"Redfern, Erskineville and Macdonaldtown"
693,0,0,0,0,0.0%,"Redfern, Erskineville and Macdonaldtown"
694,0,0,0,0,0.0%,"Redfern, Erskineville and Macdonaldtown"
695,30,34,18,18,-40.0%,"Redfern, Erskineville and Macdonaldtown"
696,2,1,0,0,-100.0%,"Redfern, Erskineville and Macdonaldtown"
697,71,73,35,35,-50.7%,"Redfern, Erskineville and Macdonaldtown"
698,75,139,63,63,-16.0%,"Redfern, Erskineville and Macdonaldtown"
699,58,115,148,146,151.7%,"Redfern, Erskineville and Macdonaldtown"
700,41,66,38,38,-7.3%,"Redfern, Erskineville and Macdonaldtown"
701,0,0,0,0,0.0%,"Redfern, Erskineville and Macdonaldtown"
702,2,2,0,0,-100.0%,"Redfern, Erskineville and Macdonaldtown"
703,0,4,1,3,0.0%,"Redfern, Erskineville and Macdonaldtown"
704,0,0,0,0,0.0%,"Redfern, Erskineville and Macdonaldtown"
705,0,0,0,0,0.0%,"Redfern, Erskineville and Macdonaldtown"
706,11,25,7,13,18.2%,"Redfern, Erskineville and Macdonaldtown"
707,0,2,2,0,0.0%,"Redfern, Erskineville and Macdonaldtown"
708,3,3,0,0,-100.0%,"Redfern, Erskineville and Macdonaldtown"
709,0,0,0,0,0.0%,"Redfern, Erskineville and Macdonaldtown"
710,7,6,7,3,-57.1%,"Redfern, Erskineville and Macdonaldtown"
711,0,0,0,0,0.0%,"Redfern, Erskineville and Macdonaldtown"
712,1,1,1,1,0.0%,"Redfern, Erskineville and Macdonaldtown"
713,9,11,18,18,100.0%,"Redfern, Erskineville and Macdonaldtown"
714,0,2,2,8,0.0%,"Redfern, Erskineville and Macdonaldtown"
715,19,9,7,20,5.3%,"Redfern, Erskineville and Macdonaldtown"
716,9,15,5,13,44.4%,"Redfern, Erskineville and Macdonaldtown"
717,79,106,123,178,125.3%,"Redfern, Erskineville and Macdonaldtown"
718,56,44,70,77,37.5%,"Redfern, Erskineville and Macdonaldtown"
719,0,0,26,35,0.0%,"Redfern, Erskineville and Macdonaldtown"
720,0,2,5,5,0.0%,"Redfern, Erskineville and Macdonaldtown"
721,25,83,101,124,396.0%,"Redfern, Erskineville and Macdonaldtown"
722,0,0,0,0,0.0%,"Redfern, Erskineville and Macdonaldtown"
723,0,0,0,0,0.0%,"Redfern, Erskineville and Macdonaldtown"
724,0,0,0,0,0.0%,"Redfern, Erskineville and Macdonaldtown"
725,0,0,0,0,0.0%,"Redfern, Erskineville and Macdonaldtown"
726,0,0,0,0,0.0%,"Redfern, Erskineville and Macdonaldtown"
727,6,13,13,34,466.7%,"Redfern, Erskineville and Macdonaldtown"
728,2,7,8,10,400.0%,"Redfern, Erskineville and Macdonaldtown"
729,6,14,14,19,216.7%,"Redfern, Erskineville and Macdonaldtown"
730,8,8,24,47,487.5%,"Redfern, Erskineville and Macdonaldtown"
731,0,0,0,0,0.0%,"Redfern, Erskineville and Macdonaldtown"
732,5,16,8,10,100.0%,"Redfern, Erskineville and Macdonaldtown"
733,0,0,0,0,0.0%,"Redfern, Erskineville and Macdonaldtown"
734,0,0,0,0,0.0%,"Redfern, Erskineville and Macdonaldtown"
735,0,0,0,0,0.0%,"Redfern, Erskineville and Macdonaldtown"
736,0,0,0,0,0.0%,"Redfern, Erskineville and Macdonaldtown"
737,2,2,2,2,0.0%,"Redfern, Erskineville and Macdonaldtown"
738,0,0,0,0,0.0%,"Redfern, Erskineville and Macdonaldtown"
739,38,67,29,48,26.3%,"Redfern, Erskineville and Macdonaldtown"
740,20,50,17,73,265.0%,"Redfern, Erskineville and Macdonaldtown"
741,0,13,7,27,0.0%,"Redfern, Erskineville and Macdonaldtown"
742,0,0,0,0,0.0%,"Redfern, Erskineville and Macdonaldtown"
743,0,0,0,0,0.0%,"Redfern, Erskineville and Macdonaldtown"
744,0,0,0,0,0.0%,"Redfern, Erskineville and Macdonaldtown"
745,0,0,0,0,0.0%,"Redfern, Erskineville and Macdonaldtown"
746,2,5,5,1,-50.0%,"Redfern, Erskineville and Macdonaldtown"
747,4,21,9,40,900.0%,"Redfern, Erskineville and Macdonaldtown"
748,0,11,8,20,0.0%,"Redfern, Erskineville and Macdonaldtown"
751,0,1,0,0,0.0%,"Redfern, Erskineville and Macdonaldtown"
752,21,24,20,35,66.7%,"Redfern, Erskineville and Macdonaldtown"
753,12,10,24,7,-41.7%,"Redfern, Erskineville and Macdonaldtown"
754,2,4,0,4,100.0%,"Redfern, Erskineville and Macdonaldtown"
755,0,0,0,0,0.0%,"Redfern, Erskineville and Macdonaldtown"
756,0,0,0,0,0.0%,"Redfern, Erskineville and Macdonaldtown"
757,1,5,0,9,0.0%,"Redfern, Erskineville and Macdonaldtown"
758,0,0,0,0,0.0%,"Redfern, Erskineville and Macdonaldtown"
759,0,0,0,0,0.0%,"Redfern, Erskineville and Macdonaldtown"
760,0,0,0,0,0.0%,"Redfern, Erskineville and Macdonaldtown"
761,0,0,0,0,0.0%,"Redfern, Erskineville and Macdonaldtown"
778,122,114,39,408,234.4%,"Redfern, Erskineville and Macdonaldtown"
779,19,89,23,108,468.4%,"Redfern, Erskineville and Macdonaldtown"
780,7,16,11,138,1871.4%,"Redfern, Erskineville and Macdonaldtown"
781,19,48,35,29,52.6%,"Redfern, Erskineville and Macdonaldtown"
782,7,11,14,29,314.3%,"Redfern, Erskineville and Macdonaldtown"
783,33,16,28,28,-15.2%,"Redfern, Erskineville and Macdonaldtown"
784,0,0,66,136,0.0%,"Redfern, Erskineville and Macdonaldtown"
785,8,14,32,32,300.0%,"Redfern, Erskineville and Macdonaldtown"
787,4,13,7,23,475.0%,"Redfern, Erskineville and Macdonaldtown"
788,1,23,31,31,0.0%,"Redfern, Erskineville and Macdonaldtown"
789,68,68,26,26,-61.8%,"Redfern, Erskineville and Macdonaldtown"
790,4,4,0,11,175.0%,"Redfern, Erskineville and Macdonaldtown"
791,14,4,20,20,42.9%,"Redfern, Erskineville and Macdonaldtown"
792,2,0,28,28,1300.0%,"Redfern, Erskineville and Macdonaldtown"
793,11,7,9,18,63.6%,"Redfern, Erskineville and Macdonaldtown"
794,12,26,36,22,83.3%,"Redfern, Erskineville and Macdonaldtown"
795,9,6,4,4,-55.6%,"Redfern, Erskineville and Macdonaldtown"
796,2,5,12,12,500.0%,"Redfern, Erskineville and Macdonaldtown"
797,0,2,4,4,0.0%,"Redfern, Erskineville and Macdonaldtown"
798,4,5,2,7,75.0%,"Redfern, Erskineville and Macdonaldtown"
799,1,4,3,3,0.0%,"Redfern, Erskineville and Macdonaldtown"
800,1,2,8,23,0.0%,Camperdown
801,0,16,36,36,0.0%,Camperdown
802,14,0,0,17,21.4%,Camperdown
803,0,0,3,1,0.0%,Camperdown
804,0,0,0,0,0.0%,Camperdown
805,0,0,0,0,0.0%,Camperdown
806,4,2,3,6,50.0%,Camperdown
807,3,0,0,2,-33.3%,Camperdown
809,4,3,23,18,350.0%,Camperdown
810,27,10,37,35,29.6%,Camperdown
811,44,24,56,56,27.3%,Camperdown
812,0,0,0,0,0.0%,Camperdown
813,3,0,4,4,33.3%,Camperdown
814,2,0,25,25,1150.0%,Camperdown
815,2,9,7,6,200.0%,Camperdown
816,16,20,9,9,-43.8%,Camperdown
817,0,0,0,0,0.0%,Camperdown
818,0,4,2,2,0.0%,Camperdown
819,24,40,26,26,8.3%,Camperdown
820,8,1,39,9,12.5%,Camperdown
821,28,42,38,38,35.7%,Camperdown
822,0,0,34,34,0.0%,Camperdown
823,28,8,26,26,-7.1%,Camperdown
824,0,62,14,54,0.0%,Camperdown
826,15,17,132,132,780.0%,Camperdown
827,155,159,75,75,-51.6%,Camperdown
828,1,31,7,7,0.0%,Camperdown
829,0,44,27,27,0.0%,Camperdown
830,5,33,143,143,2760.0%,Camperdown
831,0,0,1,1,0.0%,Camperdown
832,38,38,106,106,178.9%,Camperdown
833,9,9,49,49,444.4%,Camperdown
834,0,0,16,16,0.0%,Camperdown
835,18,33,38,38,111.1%,Camperdown
836,22,25,12,10,-54.5%,Camperdown
837,3,1,4,4,33.3%,Camperdown
838,34,11,18,18,-47.1%,Camperdown
839,39,48,40,40,2.6%,Glebe
840,8,47,27,27,237.5%,Glebe
841,5,3,11,11,120.0%,Glebe
842,0,0,0,0,0.0%,Glebe
843,0,33,16,16,0.0%,Glebe
844,23,75,80,80,247.8%,Glebe
845,0,4,5,5,0.0%,Glebe
846,0,0,0,0,0.0%,Camperdown
847,0,0,0,0,0.0%,Camperdown
848,0,0,0,0,0.0%,Camperdown
849,21,6,38,84,300.0%,Camperdown
850,11,14,11,27,145.5%,Camperdown
851,2,0,2,2,0.0%,Camperdown
852,0,0,0,0,0.0%,Camperdown
853,0,0,0,0,0.0%,Camperdown
854,0,0,0,0,0.0%,Camperdown
855,0,0,0,0,0.0%,Camperdown
856,0,1,0,0,0.0%,Camperdown
857,10,45,39,39,290.0%,Camperdown
858,54,76,65,65,20.4%,Camperdown
859,0,5,2,2,0.0%,Camperdown
860,41,43,48,48,17.1%,Camperdown
861,20,25,28,28,40.0%,Camperdown
863,131,114,452,633,383.2%,Camperdown
868,28,63,35,35,25.0%,Camperdown
869,0,0,0,0,0.0%,Camperdown
870,602,588,315,63,-89.5%,Camperdown
901,762,878,557,1258,65.1%,Glebe
902,179,165,75,237,32.4%,Glebe
903,10,18,29,39,290.0%,Glebe
904,27,22,12,29,7.4%,Glebe
905,0,17,1,10,0.0%,Glebe
906,0,0,0,0,0.0%,Glebe
907,0,0,0,0,0.0%,Glebe
908,0,0,0,2,0.0%,Glebe
909,0,0,0,0,0.0%,Glebe
910,0,0,0,0,0.0%,Glebe
911,148,141,80,118,-20.3%,Glebe
912,74,30,23,54,-27.0%,Glebe
913,50,63,22,94,88.0%,Glebe
914,0,0,0,0,0.0%,Glebe
915,11,12,19,14,27.3%,Glebe
916,34,31,50,64,88.2%,Glebe
917,37,22,14,35,-5.4%,Glebe
918,0,0,2,5,0.0%,Glebe
919,13,25,35,48,269.2%,Glebe
920,46,24,20,15,-67.4%,Glebe
921,4,4,6,2,-50.0%,Glebe
922,0,0,0,0,0.0%,Glebe
923,0,0,0,0,0.0%,Glebe
924,14,30,29,25,78.6%,Glebe
925,67,57,33,33,-50.7%,Glebe
926,0,3,0,0,0.0%,Glebe
927,0,0,0,8,0.0%,Glebe
928,0,0,0,0,0.0%,Glebe
929,0,0,0,0,0.0%,Glebe
930,0,0,0,0,0.0%,Glebe
931,0,2,3,1,0.0%,Glebe
932,0,6,0,0,0.0%,Glebe
933,0,0,0,0,0.0%,Glebe
934,0,0,0,0,0.0%,Glebe
935,1,4,0,0,0.0%,Glebe
936,0,0,0,0,0.0%,Glebe
937,53,24,16,16,-69.8%,Glebe
938,3,0,0,0,-100.0%,Glebe
939,0,3,4,4,0.0%,Glebe
940,2,2,0,0,-100.0%,Glebe
941,6,11,2,2,-66.7%,Glebe
942,26,23,32,32,23.1%,Glebe
943,0,0,0,0,0.0%,Glebe
944,0,0,0,0,0.0%,Glebe
945,34,28,29,29,-14.7%,Glebe
946,0,2,3,3,0.0%,Glebe
947,2,2,3,3,50.0%,Glebe
948,87,93,25,19,-78.2%,Glebe
949,3,0,9,9,200.0%,Glebe
950,0,0,14,14,0.0%,Glebe
951,27,19,21,21,-22.2%,Glebe
952,74,227,64,64,-13.5%,Glebe
953,3,8,16,16,433.3%,Glebe
954,0,0,0,0,0.0%,Glebe
955,0,0,0,0,0.0%,Glebe
956,0,0,0,0,0.0%,Glebe
957,0,0,0,0,0.0%,Glebe
958,18,38,34,34,88.9%,Glebe
959,20,20,24,24,20.0%,Glebe
960,0,0,0,0,0.0%,Glebe
961,16,11,18,18,12.5%,Glebe
962,0,0,0,0,0.0%,Glebe
963,0,0,0,0,0.0%,Glebe
964,0,0,0,0,0.0%,Glebe
965,0,1,6,6,0.0%,Glebe
966,0,0,0,0,0.0%,Glebe
967,0,0,5,5,0.0%,Glebe
969,0,0,0,0,0.0%,Glebe
970,0,0,0,0,0.0%,Glebe
971,0,0,0,0,0.0%,Glebe
972,0,0,0,0,0.0%,Glebe
973,7,8,15,13,85.7%,Glebe
974,6,6,7,21,250.0%,Glebe
975,0,0,0,0,0.0%,Glebe
976,5,41,14,48,860.0%,Glebe
977,23,48,31,37,60.9%,Glebe
978,0,0,0,0,0.0%,Glebe
979,0,0,0,0,0.0%,Glebe
980,25,17,8,9,-64.0%,Glebe
981,0,0,0,0,0.0%,Glebe
982,5,24,2,32,540.0%,Glebe
983,0,0,0,0,0.0%,Glebe
984,8,25,91,81,912.5%,Glebe
985,0,0,0,0,0.0%,Glebe
986,0,0,0,0,0.0%,Glebe
987,0,15,0,17,0.0%,Glebe
988,0,0,0,0,0.0%,Glebe
989,45,45,2,2,-95.6%,Glebe
990,0,0,12,10,0.0%,Glebe
991,0,0,0,0,0.0%,Glebe
992,56,10,28,22,-60.7%,Glebe
993,0,0,3,6,0.0%,Glebe
995,5,13,9,15,200.0%,Glebe
997,0,0,0,0,0.0%,Glebe
1000,2,2,0,0,-100.0%,Alexandria
1001,16,30,6,6,-62.5%,Alexandria
1002,25,20,7,7,-72.0%,Alexandria
1003,6,158,75,0,-100.0%,Alexandria
1004,10,10,7,7,-30.0%,Alexandria
1005,0,4,0,0,0.0%,Alexandria
1006,0,5,13,13,0.0%,Alexandria
1007,0,0,0,0,0.0%,Alexandria
1008,4,5,5,8,100.0%,Alexandria
1009,0,0,0,0,0.0%,Alexandria
1010,0,0,0,0,0.0%,Alexandria
1011,3,5,3,13,333.3%,Alexandria
1012,1,1,10,5,0.0%,Alexandria
1013,17,29,7,19,11.8%,Alexandria
1014,13,10,6,3,-76.9%,Alexandria
1015,8,6,3,2,-75.0%,Alexandria
1016,9,34,44,129,1333.3%,Alexandria
1017,0,11,0,0,0.0%,Alexandria
1018,8,6,0,0,-100.0%,Alexandria
1019,3,5,0,0,-100.0%,Alexandria
1020,0,1,4,4,0.0%,Alexandria
1021,0,0,0,0,0.0%,Alexandria
1022,0,0,0,0,0.0%,Alexandria
1023,3,2,0,0,-100.0%,Alexandria
1024,4,3,3,3,-25.0%,Alexandria
1025,6,9,2,2,-66.7%,Alexandria
1026,0,0,0,0,0.0%,Alexandria
1027,34,34,8,8,-76.5%,Alexandria
1028,0,0,0,0,0.0%,Alexandria
1029,0,0,2,2,0.0%,Alexandria
1030,29,60,45,42,44.8%,Alexandria
1031,0,30,10,10,0.0%,Alexandria
1032,5,17,10,10,100.0%,Alexandria
1033,0,0,0,0,0.0%,Alexandria
1034,0,4,0,0,0.0%,Alexandria
1035,0,21,29,29,0.0%,Alexandria
1036,0,0,8,8,0.0%,Alexandria
1037,39,33,41,41,5.1%,Alexandria
1038,84,48,14,14,-83.3%,Alexandria
1039,0,1,32,87,0.0%,Alexandria
1040,13,11,11,30,130.8%,Alexandria
1041,73,14,19,22,-69.9%,Alexandria
1042,0,0,0,0,0.0%,Alexandria
1043,84,75,58,218,159.5%,Alexandria
1044,4,36,9,10,150.0%,Alexandria
1045,0,6,28,4,0.0%,Alexandria
1046,7,4,13,7,0.0%,Alexandria
1047,0,0,0,0,0.0%,Alexandria
1048,0,0,0,0,0.0%,Alexandria
1049,4,2,2,3,-25.0%,Alexandria
1050,2,5,7,13,550.0%,Alexandria
1051,2,2,3,8,300.0%,Alexandria
1052,1,1,6,10,0.0%,Alexandria
1053,5,6,6,4,-20.0%,Alexandria
1054,0,0,0,0,0.0%,Alexandria
1055,26,26,5,2,-92.3%,Alexandria
1056,12,10,5,6,-50.0%,Alexandria
1057,32,20,38,96,200.0%,Alexandria
1058,0,3,12,46,0.0%,Alexandria
1059,7,41,157,176,2414.3%,Alexandria
1060,0,103,50,128,0.0%,Alexandria
1061,30,110,48,33,10.0%,Alexandria
1062,14,31,7,49,250.0%,Alexandria
1063,5,18,4,22,340.0%,Alexandria
1064,8,10,30,59,637.5%,Alexandria
1065,24,65,42,87,262.5%,Alexandria
1066,5,9,9,18,260.0%,Alexandria
1067,97,62,40,7,-92.8%,Alexandria
1069,9,12,24,34,277.8%,Alexandria
1070,16,11,6,26,62.5%,Alexandria
1071,0,0,1,4,0.0%,Alexandria
1072,0,4,21,4,0.0%,Alexandria
1073,0,4,1,1,0.0%,Alexandria
1074,0,1,0,0,0.0%,Alexandria
1075,0,2,5,5,0.0%,Alexandria
1076,5,0,259,259,5080.0%,Alexandria
1077,0,1,13,13,0.0%,Alexandria
1078,19,50,5,5,-73.7%,Alexandria
1080,23,16,10,10,-56.5%,Alexandria
1081,0,6,1,2,0.0%,Alexandria
1082,10,10,16,34,240.0%,Alexandria
1083,4,13,13,36,800.0%,Alexandria
1084,2,8,15,58,2800.0%,Alexandria
1085,40,47,0,0,-100.0%,Alexandria
1086,19,2,17,17,-10.5%,Alexandria
1087,12,12,20,92,666.7%,Alexandria
1088,32,17,27,145,353.1%,Alexandria
1089,5,26,26,80,1500.0%,Alexandria
1090,22,106,190,284,1190.9%,Alexandria
1091,19,7,12,10,-47.4%,Alexandria
1092,57,29,27,254,345.6%,Alexandria
1093,19,90,78,166,773.7%,Alexandria
1094,70,103,75,245,250.0%,Alexandria
1095,78,85,111,114,46.2%,Alexandria
1096,28,11,20,298,964.3%,Alexandria
1097,186,167,156,225,21.0%,Alexandria
1098,0,2,4,7,0.0%,Alexandria
1099,0,2,1,3,0.0%,Alexandria
1100,0,5,3,13,0.0%,Alexandria
1101,3,7,21,34,1033.3%,Alexandria
1102,25,31,26,141,464.0%,Alexandria
1103,0,27,0,67,0.0%,Alexandria
1104,8,6,2,21,162.5%,Alexandria
1105,4,18,6,21,425.0%,Alexandria
1106,11,25,19,173,1472.7%,Alexandria
1107,0,2,2,1,0.0%,Alexandria
1108,0,14,2,33,0.0%,Alexandria
1109,2,6,0,0,-100.0%,Alexandria
1110,28,34,5,87,210.7%,Alexandria
1111,5,26,5,54,980.0%,Alexandria
1112,38,45,6,32,-15.8%,Alexandria
1113,0,0,8,7,0.0%,Alexandria
1114,0,8,11,9,0.0%,Alexandria
1115,9,8,1,0,-100.0%,Alexandria
1116,14,12,19,51,264.3%,Alexandria
1117,18,17,13,49,172.2%,Alexandria
1118,1,7,89,111,0.0%,Alexandria
1119,0,0,0,0,0.0%,Alexandria
1120,6,7,2,21,250.0%,Alexandria
1121,22,29,3,101,359.1%,Alexandria
1122,20,127,40,48,140.0%,Alexandria
1123,38,53,62,58,52.6%,Alexandria
1124,0,0,0,0,0.0%,Alexandria
1125,0,0,0,0,0.0%,Alexandria
1126,2,2,4,9,350.0%,Alexandria
1127,1,8,7,8,0.0%,Alexandria
1128,0,0,0,0,0.0%,Alexandria
1129,0,0,0,0,0.0%,Alexandria
1130,0,0,0,0,0.0%,Alexandria
1131,0,0,0,0,0.0%,Alexandria
1132,2,2,0,3,50.0%,Alexandria
1133,4,5,2,3,-25.0%,Alexandria
1134,0,0,0,0,0.0%,Alexandria
1135,5,5,6,4,-20.0%,Alexandria
1136,0,0,0,0,0.0%,Alexandria
1137,0,0,2,4,0.0%,Alexandria
1138,0,0,0,0,0.0%,Alexandria
1139,0,0,36,88,0.0%,Alexandria
1140,0,0,48,48,0.0%,Alexandria
1141,50,22,46,58,16.0%,Alexandria
1142,0,0,0,0,0.0%,Alexandria
1143,0,9,50,100,0.0%,Alexandria
1144,0,2,2,1,0.0%,Alexandria
1145,0,0,0,4,0.0%,Alexandria
1146,0,0,0,0,0.0%,Alexandria
1147,0,0,0,0,0.0%,Alexandria
1148,41,41,19,44,7.3%,Alexandria
1149,39,36,46,96,146.2%,Alexandria
1150,55,28,19,30,-45.5%,Alexandria
1151,11,26,37,58,427.3%,Alexandria
1152,241,211,126,215,-10.8%,Alexandria
1153,40,122,149,244,510.0%,Alexandria
1154,94,102,121,172,83.0%,Alexandria
1155,172,255,224,436,153.5%,Alexandria
1156,66,83,73,207,213.6%,Alexandria
1157,134,251,316,324,141.8%,Alexandria
1158,95,99,439,1,-98.9%,Alexandria
1159,140,39,87,157,12.1%,Alexandria
1160,2,2,1,1,-50.0%,Alexandria
1161,3,121,3,3,0.0%,Alexandria
1163,24,8,7,7,-70.8%,Alexandria
1164,8,3,30,7,-12.5%,Alexandria
1201,0,2,1,4,0.0%,Zetland
1202,0,0,0,0,0.0%,Zetland
1203,0,0,0,0,0.0%,Zetland
1204,0,0,0,0,0.0%,Zetland
1205,0,0,0,0,0.0%,Zetland
1206,0,0,0,0,0.0%,Zetland
1207,0,0,0,0,0.0%,Zetland
1208,7,0,1,1,-85.7%,Zetland
1209,5,7,2,2,-60.0%,Zetland
1210,0,0,0,0,0.0%,Zetland
1211,0,0,0,0,0.0%,Zetland
1212,4,5,0,13,225.0%,Zetland
1213,45,0,0,27,-40.0%,Zetland
1214,8,8,17,7,-12.5%,Zetland
1215,0,0,0,0,0.0%,Zetland
1216,0,7,4,4,0.0%,Zetland
