blocknum,total_jobs_2007,total_jobs_2012,total_jobs_2017,total_jobs_2022,Totaljob_growth_2007_2022_pct,suburb
1,17,43,79,92,441.2%,"Sydney CBD"
2,132,155,185,96,-27.3%,"Sydney CBD"
4,20,9,12,26,30.0%,"Sydney CBD"
5,567,1478,1361,1306,130.3%,"Sydney CBD"
6,273,52,316,31,-88.6%,"Sydney CBD"
7,21,21,20,0,-100.0%,"Sydney CBD"
8,159,159,131,20,-87.4%,"Sydney CBD"
9,158,188,144,224,41.8%,"Sydney CBD"
10,124,121,142,130,4.8%,"Sydney CBD"
11,5169,5508,6446,5866,13.5%,"Sydney CBD"
12,443,425,587,678,53.0%,"Sydney CBD"
13,186,186,0,0,-100.0%,"Sydney CBD"
14,113,209,112,106,-6.2%,"Sydney CBD"
15,310,301,240,390,25.8%,"Sydney CBD"
16,542,816,871,813,50.0%,"Sydney CBD"
17,49,78,80,86,75.5%,"Sydney CBD"
18,927,1038,385,473,-49.0%,"Sydney CBD"
19,497,381,168,554,11.5%,"Sydney CBD"
20,303,527,360,650,114.5%,"Sydney CBD"
21,1002,1049,444,715,-28.6%,"Sydney CBD"
22,314,319,522,415,32.2%,"Sydney CBD"
23,367,213,316,307,-16.3%,"Sydney CBD"
24,115,65,131,150,30.4%,"Sydney CBD"
25,579,774,658,893,54.2%,"Sydney CBD"
26,3614,3681,5526,6028,66.8%,"Sydney CBD"
27,1064,712,911,1042,-2.1%,"Sydney CBD"
28,5437,5500,6642,2359,-56.6%,"Sydney CBD"
29,3316,4702,4646,4198,26.6%,"Sydney CBD"
30,984,1223,957,141,-85.7%,"Sydney CBD"
31,4664,4114,4289,4267,-8.5%,"Sydney CBD"
32,464,849,775,691,48.9%,"Sydney CBD"
33,868,823,1089,1285,48.0%,"Sydney CBD"
34,2782,5466,4163,6078,118.5%,"Sydney CBD"
35,4626,3716,2739,2615,-43.5%,"Sydney CBD"
36,1488,1407,2254,2094,40.7%,"Sydney CBD"
37,415,363,368,0,-100.0%,"Sydney CBD"
38,610,501,709,0,-100.0%,"Sydney CBD"
39,3627,4083,5984,6011,65.7%,"Sydney CBD"
40,4385,4357,5242,5339,21.8%,"Sydney CBD"
41,4890,5121,4744,3331,-31.9%,"Sydney CBD"
42,1399,2097,2398,1833,31.0%,"Sydney CBD"
43,3652,2757,5279,4522,23.8%,"Sydney CBD"
44,2567,1711,3061,3323,29.5%,"Sydney CBD"
45,3405,3582,4965,4928,44.7%,"Sydney CBD"
46,2324,3594,4169,4078,75.5%,"Sydney CBD"
47,580,555,423,780,34.5%,"Sydney CBD"
48,3604,2911,3217,4403,22.2%,"Sydney CBD"
49,3300,5237,4796,11786,257.2%,"Sydney CBD"
50,2676,2987,2443,2765,3.3%,"Sydney CBD"
51,1597,1655,3356,2571,61.0%,"Sydney CBD"
52,240,272,76,172,-28.3%,"Sydney CBD"
53,3580,2676,3112,2979,-16.8%,"Sydney CBD"
54,5983,7501,8740,8714,45.6%,"Sydney CBD"
55,6766,6890,6344,6818,0.8%,"Sydney CBD"
56,2677,870,2264,2214,-17.3%,"Sydney CBD"
57,2731,2183,3078,1798,-34.2%,"Sydney CBD"
58,3686,3815,3937,5258,42.6%,"Sydney CBD"
59,2465,2241,1935,1819,-26.2%,"Sydney CBD"
60,255,255,274,313,22.7%,"Sydney CBD"
61,5576,5317,5570,4344,-22.1%,"Sydney CBD"
62,2920,2230,2138,3002,2.8%,"Sydney CBD"
63,1268,1304,1653,1913,50.9%,"Sydney CBD"
64,914,1247,2041,1365,49.3%,"Sydney CBD"
65,932,852,1115,959,2.9%,"Sydney CBD"
66,3386,3138,3889,4111,21.4%,"Sydney CBD"
67,6721,6409,7390,6808,1.3%,"Sydney CBD"
68,4533,3325,6817,7396,63.2%,"Sydney CBD"
69,3122,2718,2505,2702,-13.5%,"Sydney CBD"
70,1216,1152,1255,1664,36.8%,"Sydney CBD"
71,2870,2824,3466,3627,26.4%,"Sydney CBD"
72,323,408,445,487,50.8%,"Sydney CBD"
73,4205,4977,4308,4918,17.0%,"Sydney CBD"
74,1550,1768,1967,1963,26.6%,"Sydney CBD"
75,3349,2477,3901,3727,11.3%,"Sydney CBD"
76,2027,3476,3890,4169,105.7%,"Sydney CBD"
77,5881,7804,7057,8800,49.6%,"Sydney CBD"
78,5367,4839,7919,9240,72.2%,"Sydney CBD"
79,615,858,548,1138,85.0%,"Sydney CBD"
80,2280,2055,2226,2420,6.1%,"Sydney CBD"
81,43,33,40,47,9.3%,"Sydney CBD"
82,233,141,279,236,1.3%,"Sydney CBD"
83,10356,10449,9415,9917,-4.2%,"Sydney CBD"
85,2625,2897,2635,2927,11.5%,"Sydney CBD"
86,967,887,876,1173,21.3%,"Sydney CBD"
87,2183,2807,3140,3505,60.6%,"Sydney CBD"
88,973,786,573,1182,21.5%,"Sydney CBD"
89,8405,8778,10470,8883,5.7%,"Sydney CBD"
90,3952,3681,9004,6297,59.3%,"Sydney CBD"
91,2107,2743,2432,2562,21.6%,"Sydney CBD"
93,157,298,236,258,64.3%,"Sydney CBD"
94,1257,1265,1230,1241,-1.3%,"Sydney CBD"
95,1989,1521,2066,2070,4.1%,"Sydney CBD"
96,2163,2943,2672,3393,56.9%,"Sydney CBD"
97,2544,2733,1823,1995,-21.6%,"Sydney CBD"
98,2490,2450,2654,1990,-20.1%,"Sydney CBD"
100,84,84,187,567,575.0%,"Sydney CBD"
101,26,26,43,53,103.8%,"Sydney CBD"
102,23,12,17,14,-39.1%,"Sydney CBD"
103,172,287,320,406,136.0%,"Sydney CBD"
104,261,296,345,355,36.0%,"Sydney CBD"
105,28,19,11,15,-46.4%,"Sydney CBD"
106,80,97,91,123,53.8%,"Sydney CBD"
108,33,38,69,43,30.3%,"Sydney CBD"
109,24,31,20,76,216.7%,"Sydney CBD"
110,479,467,314,445,-7.1%,"Sydney CBD"
111,649,1009,736,1188,83.1%,"Sydney CBD"
113,2838,6439,7128,7756,173.3%,"Sydney CBD"
114,499,620,451,561,12.4%,"Sydney CBD"
115,559,589,364,471,-15.7%,"Sydney CBD"
116,724,1441,1532,1817,151.0%,"Sydney CBD"
118,5,150,184,184,3580.0%,"Sydney CBD"
119,620,769,956,544,-12.3%,"Sydney CBD"
120,939,995,878,692,-26.3%,"Sydney CBD"
121,3352,2140,1993,2171,-35.2%,"Sydney CBD"
122,218,148,88,64,-70.6%,"Sydney CBD"
123,684,801,517,525,-23.2%,"Sydney CBD"
124,4371,3809,4317,3678,-15.9%,"Sydney CBD"
125,2639,3358,2873,3284,24.4%,"Sydney CBD"
126,5596,7306,8177,5781,3.3%,"Sydney CBD"
127,2881,2578,3227,2321,-19.4%,"Sydney CBD"
128,1058,692,939,969,-8.4%,"Sydney CBD"
129,794,814,293,336,-57.7%,"Sydney CBD"
130,2810,2790,3221,3519,25.2%,"Sydney CBD"
131,185,240,231,277,49.7%,"Sydney CBD"
132,126,117,109,469,272.2%,"Sydney CBD"
133,32,62,101,111,246.9%,"Sydney CBD"
135,65,83,191,145,123.1%,"Sydney CBD"
136,326,341,470,418,28.2%,"Sydney CBD"
137,507,1075,1090,797,57.2%,"Sydney CBD"
138,410,425,599,303,-26.1%,"Sydney CBD"
139,443,530,535,493,11.3%,"Sydney CBD"
140,1921,1409,2391,2056,7.0%,"Sydney CBD"
141,3,5,3,3,0.0%,"Sydney CBD"
142,143,142,100,155,8.4%,"Sydney CBD"
144,471,688,579,696,47.8%,"Sydney CBD"
145,557,963,984,832,49.4%,"Sydney CBD"
147,1201,1377,1785,1458,21.4%,"Sydney CBD"
148,2088,2760,1471,1336,-36.0%,"Sydney CBD"
149,205,193,195,200,-2.4%,"Sydney CBD"
150,39,35,43,90,130.8%,"Sydney CBD"
151,286,318,229,257,-10.1%,"Sydney CBD"
152,300,306,364,212,-29.3%,"Sydney CBD"
153,1019,1020,970,664,-34.8%,"Sydney CBD"
154,183,208,192,190,3.8%,"Sydney CBD"
155,38,39,56,49,28.9%,"Sydney CBD"
156,2436,2436,4098,1810,-25.7%,"Sydney CBD"
157,0,12,7,15,0.0%,"Sydney CBD"
158,1415,1458,2150,1501,6.1%,"Sydney CBD"
159,185,155,261,255,37.8%,"Sydney CBD"
161,126,6792,6332,6647,5175.4%,"Sydney CBD"
162,622,1067,453,260,-58.2%,"Sydney CBD"
163,3,3,1083,1233,41000.0%,"Sydney CBD"
164,701,906,659,693,-1.1%,"Sydney CBD"
165,2185,1847,2768,2821,29.1%,"Sydney CBD"
166,80,51,410,531,563.8%,"Sydney CBD"
167,97,291,302,168,73.2%,"Sydney CBD"
168,397,479,283,512,29.0%,"Sydney CBD"
169,0,180,267,190,0.0%,"Sydney CBD"
170,14,14,73,55,292.9%,"Sydney CBD"
171,39,36,38,30,-23.1%,"Sydney CBD"
172,477,477,106,83,-82.6%,"Sydney CBD"
173,177,181,210,148,-16.4%,"Sydney CBD"
174,215,210,26,31,-85.6%,"Sydney CBD"
175,732,808,764,701,-4.2%,"Sydney CBD"
176,84,116,171,270,221.4%,"Sydney CBD"
177,9,23,45,38,322.2%,"Sydney CBD"
178,126,144,48,110,-12.7%,"Sydney CBD"
179,894,1282,2123,1934,116.3%,"Sydney CBD"
180,230,233,461,474,106.1%,"Sydney CBD"
181,1670,2392,1881,3173,90.0%,"Sydney CBD"
182,1020,1367,1020,1050,2.9%,"Sydney CBD"
183,526,1934,1616,1390,164.3%,"Sydney CBD"
184,519,774,1200,701,35.1%,"Sydney CBD"
185,544,587,517,305,-43.9%,"Sydney CBD"
186,224,254,236,221,-1.3%,"Sydney CBD"
187,120,132,114,390,225.0%,"Sydney CBD"
188,100,69,190,146,46.0%,"Sydney CBD"
189,5,5,135,137,2640.0%,"Sydney CBD"
190,6,6,23,0,-100.0%,"Sydney CBD"
191,76,205,202,263,246.1%,"Sydney CBD"
192,32,131,70,122,281.3%,"Sydney CBD"
193,17,18,19,35,105.9%,"Sydney CBD"
194,0,0,0,0,0.0%,"Sydney CBD"
195,49,49,69,50,2.0%,"Sydney CBD"
196,368,458,834,879,138.9%,"Sydney CBD"
198,0,2,7,6,0.0%,"Sydney CBD"
199,0,0,0,0,0.0%,"Sydney CBD"
200,26,22,0,14,-46.2%,"Sydney CBD"
201,0,14,8,6,0.0%,"Sydney CBD"
203,407,668,516,417,2.5%,"Sydney CBD"
204,78,77,49,56,-28.2%,"Sydney CBD"
205,41,47,44,37,-9.8%,"Sydney CBD"
206,539,259,441,302,-44.0%,"Sydney CBD"
207,39,60,40,75,92.3%,"Sydney CBD"
208,123,213,421,232,88.6%,"Sydney CBD"
209,71,111,59,65,-8.5%,"Sydney CBD"
210,382,466,554,325,-14.9%,"Sydney CBD"
211,45,54,73,26,-42.2%,"Sydney CBD"
212,1769,1716,2737,3138,77.4%,"Sydney CBD"
213,98,107,99,52,-46.9%,"Sydney CBD"
214,55,103,96,72,30.9%,"Sydney CBD"
215,2433,3609,4264,3489,43.4%,"Sydney CBD"
216,454,497,505,1501,230.6%,"Sydney CBD"
217,373,569,405,161,-56.8%,"Sydney CBD"
218,82,108,94,63,-23.2%,"Sydney CBD"
219,0,758,654,666,0.0%,"Sydney CBD"
220,56,242,242,149,166.1%,"Sydney CBD"
223,362,529,497,475,31.2%,"Sydney CBD"
225,93,87,40,78,-16.1%,"Sydney CBD"
226,1176,1379,1362,1588,35.0%,"Sydney CBD"
227,0,0,0,0,0.0%,"Sydney CBD"
228,9,17,14,14,55.6%,"Sydney CBD"
229,127,103,162,120,-5.5%,"Sydney CBD"
230,28,95,131,1371,4796.4%,"Sydney CBD"
231,5,49,57,53,960.0%,"Sydney CBD"
232,2,8,24,23,1050.0%,"Sydney CBD"
233,897,1341,1832,1197,33.4%,"Sydney CBD"
234,723,3697,5672,4275,491.3%,"Sydney CBD"
235,0,7,9,7,0.0%,"Sydney CBD"
236,0,0,0,2,0.0%,"Sydney CBD"
237,1,255,270,280,0.0%,"Sydney CBD"
238,266,697,1217,1155,334.2%,"Sydney CBD"
239,197,254,396,283,43.7%,"Sydney CBD"
240,0,3,3,6,0.0%,"Sydney CBD"
241,1160,1452,913,374,-67.8%,"Sydney CBD"
300,256,210,267,260,1.6%,"Pott Point"
301,21,21,22,28,33.3%,"Pott Point"
302,88,102,93,34,-61.4%,"Pott Point"
303,83,80,94,87,4.8%,"Pott Point"
304,8,8,4,7,-12.5%,"Pott Point"
305,46,46,296,372,708.7%,"Pott Point"
306,13,17,12,15,15.4%,"Pott Point"
307,1241,653,1055,1173,-5.5%,"Pott Point"
308,808,995,1265,1357,67.9%,"Pott Point"
309,0,0,0,0,0.0%,"Pott Point"
310,0,0,0,0,0.0%,"Pott Point"
311,0,0,0,0,0.0%,"Pott Point"
312,0,0,0,0,0.0%,"Pott Point"
313,0,0,0,0,0.0%,"Pott Point"
314,55,55,40,87,58.2%,"Pott Point"
315,289,295,316,357,23.5%,"Pott Point"
316,120,123,83,115,-4.2%,"Pott Point"
317,43,43,43,74,72.1%,"Pott Point"
318,33,143,46,126,281.8%,"Pott Point"
319,10,6,0,10,0.0%,"Pott Point"
320,181,214,157,243,34.3%,"Pott Point"
321,27,277,261,362,1240.7%,"Pott Point"
322,16,40,19,25,56.3%,"Pott Point"
323,127,136,61,89,-29.9%,"Pott Point"
324,272,459,205,293,7.7%,"Pott Point"
325,49,34,12,29,-40.8%,"Pott Point"
326,134,254,171,216,61.2%,"Pott Point"
327,19,112,38,78,310.5%,"Pott Point"
328,0,0,0,0,0.0%,"Pott Point"
329,83,42,27,56,-32.5%,"Pott Point"
330,25,23,13,18,-28.0%,"Pott Point"
331,46,28,34,41,-10.9%,"Pott Point"
332,12,13,4,8,-33.3%,"Pott Point"
333,28,18,32,20,-28.6%,"Pott Point"
334,0,0,0,0,0.0%,"Pott Point"
335,0,0,3,14,0.0%,"Pott Point"
336,104,113,96,45,-56.7%,"Pott Point"
337,84,217,221,214,154.8%,"Pott Point"
338,481,348,499,499,3.7%,"Pott Point"
339,642,667,1057,803,25.1%,"Pott Point"
340,53,36,32,26,-50.9%,"Pott Point"
341,0,0,0,0,0.0%,"Pott Point"
342,1,4,4,0,0.0%,"Pott Point"
343,41,62,47,91,122.0%,"Pott Point"
344,7,16,9,11,57.1%,"Pott Point"
345,36,19,25,64,77.8%,"Pott Point"
346,77,47,13,0,-100.0%,"Pott Point"
347,7,14,23,14,100.0%,"Pott Point"
348,17,23,47,38,123.5%,"Pott Point"
349,56,49,64,72,28.6%,"Pott Point"
350,1327,694,1232,1194,-10.0%,"Pott Point"
351,58,82,134,63,8.6%,"Pott Point"
352,5,20,35,46,820.0%,"Pott Point"
353,37,30,49,25,-32.4%,"Pott Point"
354,179,233,249,267,49.2%,"Pott Point"
355,26,26,24,27,3.8%,"Pott Point"
356,3,7,0,6,100.0%,"Pott Point"
357,557,469,685,664,19.2%,"Pott Point"
360,479,350,575,1200,150.5%,"Moore Park"
361,916,863,763,1696,85.2%,"Moore Park"
362,960,1004,604,1369,42.6%,"Moore Park"
363,14,17,48,51,264.3%,"Moore Park"
370,650,650,484,525,-19.2%,"Moore Park"
371,82,86,58,73,-11.0%,"Moore Park"
372,1,2,4,3,0.0%,"Moore Park"
373,266,321,222,329,23.7%,"Moore Park"
374,1,1,0,0,0.0%,"Moore Park"
375,13,16,26,23,76.9%,"Moore Park"
376,8,7,2,3,-62.5%,"Moore Park"
377,0,0,0,0,0.0%,"Moore Park"
378,0,0,0,0,0.0%,"Moore Park"
379,0,0,0,9,0.0%,"Moore Park"
380,0,0,0,0,0.0%,"Moore Park"
381,16,11,6,11,-31.3%,"Moore Park"
382,15,3,4,29,93.3%,"Moore Park"
383,96,102,80,143,49.0%,"Moore Park"
384,21,29,18,41,95.2%,"Moore Park"
385,11,11,10,7,-36.4%,"Moore Park"
386,0,0,0,0,0.0%,"Moore Park"
387,0,0,0,0,0.0%,"Moore Park"
388,0,0,0,0,0.0%,"Moore Park"
389,8,8,9,9,12.5%,"Moore Park"
390,1,1,0,0,0.0%,"Moore Park"
391,195,195,181,282,44.6%,"Moore Park"
392,41,56,59,40,-2.4%,"Moore Park"
393,22,19,21,4,-81.8%,"Moore Park"
394,7,7,12,13,85.7%,"Moore Park"
395,0,0,0,0,0.0%,"Moore Park"
396,0,0,0,0,0.0%,"Moore Park"
398,218,349,341,480,120.2%,"Moore Park"
399,3,3,0,3,0.0%,"Moore Park"
400,4,4,11,10,150.0%,"Darlinghurst and Surry Hill"
401,97,322,322,356,267.0%,"Darlinghurst and Surry Hill"
402,198,182,144,143,-27.8%,"Darlinghurst and Surry Hill"
403,295,301,279,424,43.7%,"Darlinghurst and Surry Hill"
404,188,154,136,83,-55.9%,"Darlinghurst and Surry Hill"
405,34,43,37,38,11.8%,"Darlinghurst and Surry Hill"
406,41,43,66,88,114.6%,"Darlinghurst and Surry Hill"
407,724,702,486,915,26.4%,"Darlinghurst and Surry Hill"
408,27,38,23,23,-14.8%,"Darlinghurst and Surry Hill"
409,0,0,0,0,0.0%,"Darlinghurst and Surry Hill"
410,5,5,0,0,-100.0%,"Darlinghurst and Surry Hill"
411,80,98,83,83,3.8%,"Darlinghurst and Surry Hill"
412,0,0,0,0,0.0%,"Darlinghurst and Surry Hill"
413,65,63,50,35,-46.2%,"Darlinghurst and Surry Hill"
414,69,45,121,227,229.0%,"Darlinghurst and Surry Hill"
415,129,97,71,300,132.6%,"Darlinghurst and Surry Hill"
416,133,404,457,452,239.8%,"Darlinghurst and Surry Hill"
417,24,21,40,40,66.7%,"Darlinghurst and Surry Hill"
418,0,0,0,0,0.0%,"Darlinghurst and Surry Hill"
419,8,29,15,16,100.0%,"Darlinghurst and Surry Hill"
420,82,109,76,70,-14.6%,"Darlinghurst and Surry Hill"
421,62,77,67,64,3.2%,"Darlinghurst and Surry Hill"
422,1696,2303,1216,1216,-28.3%,"Darlinghurst and Surry Hill"
423,378,379,1129,1129,198.7%,"Darlinghurst and Surry Hill"
424,311,312,314,314,1.0%,"Darlinghurst and Surry Hill"
425,0,0,0,0,0.0%,"Darlinghurst and Surry Hill"
426,0,0,0,0,0.0%,"Darlinghurst and Surry Hill"
427,23,23,41,38,65.2%,"Darlinghurst and Surry Hill"
428,145,198,145,145,0.0%,"Darlinghurst and Surry Hill"
429,38,78,52,52,36.8%,"Darlinghurst and Surry Hill"
430,104,209,196,209,101.0%,"Darlinghurst and Surry Hill"
431,66,76,54,54,-18.2%,"Darlinghurst and Surry Hill"
432,16,82,119,89,456.3%,"Darlinghurst and Surry Hill"
433,106,333,212,287,170.8%,"Darlinghurst and Surry Hill"
434,299,216,278,316,5.7%,"Darlinghurst and Surry Hill"
435,5,0,0,1,-80.0%,"Darlinghurst and Surry Hill"
436,31,42,66,66,112.9%,"Darlinghurst and Surry Hill"
437,54,151,64,75,38.9%,"Darlinghurst and Surry Hill"
438,30,20,12,104,246.7%,"Darlinghurst and Surry Hill"
439,63,79,91,75,19.0%,"Darlinghurst and Surry Hill"
440,119,170,79,87,-26.9%,"Darlinghurst and Surry Hill"
441,34,94,48,94,176.5%,"Darlinghurst and Surry Hill"
442,181,190,195,195,7.7%,"Darlinghurst and Surry Hill"
443,5,2,0,0,-100.0%,"Darlinghurst and Surry Hill"
444,141,80,74,85,-39.7%,"Darlinghurst and Surry Hill"
445,46,50,33,33,-28.3%,"Darlinghurst and Surry Hill"
446,51,87,93,93,82.4%,"Darlinghurst and Surry Hill"
447,62,62,45,44,-29.0%,"Darlinghurst and Surry Hill"
448,16,26,35,41,156.3%,"Darlinghurst and Surry Hill"
449,86,72,283,169,96.5%,"Darlinghurst and Surry Hill"
450,43,61,73,73,69.8%,"Darlinghurst and Surry Hill"
451,119,148,289,149,25.2%,"Darlinghurst and Surry Hill"
452,166,290,248,48,-71.1%,"Darlinghurst and Surry Hill"
453,105,122,185,57,-45.7%,"Darlinghurst and Surry Hill"
454,280,387,147,626,123.6%,"Darlinghurst and Surry Hill"
455,183,195,282,181,-1.1%,"Darlinghurst and Surry Hill"
456,99,219,237,231,133.3%,"Darlinghurst and Surry Hill"
457,161,130,551,549,241.0%,"Darlinghurst and Surry Hill"
458,249,565,593,620,149.0%,"Darlinghurst and Surry Hill"
459,605,519,372,431,-28.8%,"Darlinghurst and Surry Hill"
460,116,8,6,10,-91.4%,"Darlinghurst and Surry Hill"
461,8,46,23,36,350.0%,"Darlinghurst and Surry Hill"
462,30,33,25,17,-43.3%,"Darlinghurst and Surry Hill"
463,45,59,26,57,26.7%,"Darlinghurst and Surry Hill"
464,542,562,460,468,-13.7%,"Darlinghurst and Surry Hill"
465,2156,2080,2165,1175,-45.5%,"Darlinghurst and Surry Hill"
466,213,141,181,185,-13.1%,"Darlinghurst and Surry Hill"
467,315,353,494,494,56.8%,"Darlinghurst and Surry Hill"
468,381,254,144,233,-38.8%,"Darlinghurst and Surry Hill"
469,265,302,224,404,52.5%,"Darlinghurst and Surry Hill"
470,99,108,117,102,3.0%,"Darlinghurst and Surry Hill"
471,270,399,225,314,16.3%,"Darlinghurst and Surry Hill"
472,73,79,54,58,-20.5%,"Darlinghurst and Surry Hill"
473,177,313,197,176,-0.6%,"Darlinghurst and Surry Hill"
474,120,153,108,180,50.0%,"Darlinghurst and Surry Hill"
475,7,6,29,17,142.9%,"Darlinghurst and Surry Hill"
476,36,26,51,33,-8.3%,"Darlinghurst and Surry Hill"
477,121,145,145,135,11.6%,"Darlinghurst and Surry Hill"
478,189,203,190,190,0.5%,"Darlinghurst and Surry Hill"
479,0,307,345,243,0.0%,"Darlinghurst and Surry Hill"
480,685,685,703,703,2.6%,"Darlinghurst and Surry Hill"
481,8,84,70,49,512.5%,"Darlinghurst and Surry Hill"
482,98,47,192,192,95.9%,"Darlinghurst and Surry Hill"
483,115,36,295,464,303.5%,"Darlinghurst and Surry Hill"
484,574,512,753,753,31.2%,"Darlinghurst and Surry Hill"
485,78,117,159,233,198.7%,"Darlinghurst and Surry Hill"
486,33,32,24,35,6.1%,"Darlinghurst and Surry Hill"
487,81,87,108,108,33.3%,"Darlinghurst and Surry Hill"
488,20,2,32,49,145.0%,"Darlinghurst and Surry Hill"
489,267,226,351,335,25.5%,"Darlinghurst and Surry Hill"
490,171,222,156,156,-8.8%,"Darlinghurst and Surry Hill"
491,23,46,29,29,26.1%,"Darlinghurst and Surry Hill"
492,61,256,312,225,268.9%,"Darlinghurst and Surry Hill"
493,83,104,94,94,13.3%,"Darlinghurst and Surry Hill"
494,85,81,100,100,17.6%,"Darlinghurst and Surry Hill"
495,101,137,172,67,-33.7%,"Darlinghurst and Surry Hill"
496,201,191,281,281,39.8%,"Darlinghurst and Surry Hill"
497,107,180,241,241,125.2%,"Darlinghurst and Surry Hill"
498,135,178,169,148,9.6%,"Darlinghurst and Surry Hill"
499,68,196,617,606,791.2%,"Darlinghurst and Surry Hill"
500,21,28,25,34,61.9%,"Darlinghurst and Surry Hill"
501,7,7,10,8,14.3%,"Darlinghurst and Surry Hill"
502,231,324,192,212,-8.2%,"Darlinghurst and Surry Hill"
503,16,34,26,23,43.8%,"Darlinghurst and Surry Hill"
504,6,3,8,8,33.3%,"Darlinghurst and Surry Hill"
505,18,13,20,22,22.2%,"Darlinghurst and Surry Hill"
507,132,143,102,274,107.6%,"Darlinghurst and Surry Hill"
508,36,84,196,57,58.3%,"Darlinghurst and Surry Hill"
509,63,115,199,158,150.8%,"Darlinghurst and Surry Hill"
510,39,39,145,117,200.0%,"Darlinghurst and Surry Hill"
511,58,70,115,168,189.7%,"Darlinghurst and Surry Hill"
512,69,54,209,163,136.2%,"Darlinghurst and Surry Hill"
513,54,55,85,89,64.8%,"Darlinghurst and Surry Hill"
514,247,205,244,869,251.8%,"Darlinghurst and Surry Hill"
515,72,55,91,124,72.2%,"Darlinghurst and Surry Hill"
516,153,169,280,498,225.5%,"Darlinghurst and Surry Hill"
517,350,245,460,330,-5.7%,"Darlinghurst and Surry Hill"
518,733,684,1019,1019,39.0%,"Darlinghurst and Surry Hill"
519,0,0,0,0,0.0%,"Darlinghurst and Surry Hill"
520,0,0,0,0,0.0%,"Darlinghurst and Surry Hill"
521,331,291,320,311,-6.0%,"Darlinghurst and Surry Hill"
522,51,107,135,135,164.7%,"Darlinghurst and Surry Hill"
523,2871,2054,3841,2835,-1.3%,"Darlinghurst and Surry Hill"
524,1071,1414,1772,1772,65.5%,"Darlinghurst and Surry Hill"
525,94,100,153,136,44.7%,"Darlinghurst and Surry Hill"
526,51,102,142,142,178.4%,"Darlinghurst and Surry Hill"
527,47,35,62,69,46.8%,"Darlinghurst and Surry Hill"
528,82,183,212,212,158.5%,"Darlinghurst and Surry Hill"
529,235,266,378,378,60.9%,"Darlinghurst and Surry Hill"
530,217,373,951,1291,494.9%,"Darlinghurst and Surry Hill"
531,51,61,86,86,68.6%,"Darlinghurst and Surry Hill"
532,61,182,211,211,245.9%,"Darlinghurst and Surry Hill"
533,2,2,5,5,150.0%,"Darlinghurst and Surry Hill"
534,22,36,85,85,286.4%,"Darlinghurst and Surry Hill"
535,0,0,0,0,0.0%,"Darlinghurst and Surry Hill"
536,0,0,0,0,0.0%,"Darlinghurst and Surry Hill"
537,114,107,213,213,86.8%,"Darlinghurst and Surry Hill"
538,7,8,14,7,0.0%,"Darlinghurst and Surry Hill"
539,0,0,0,0,0.0%,"Darlinghurst and Surry Hill"
540,26,26,54,54,107.7%,"Darlinghurst and Surry Hill"
541,24,23,23,39,62.5%,"Darlinghurst and Surry Hill"
542,9,8,28,18,100.0%,"Darlinghurst and Surry Hill"
543,30,22,60,13,-56.7%,"Darlinghurst and Surry Hill"
544,54,54,31,44,-18.5%,"Darlinghurst and Surry Hill"
545,133,221,260,266,100.0%,"Darlinghurst and Surry Hill"
546,46,96,282,173,276.1%,"Darlinghurst and Surry Hill"
547,11,29,38,38,245.5%,"Darlinghurst and Surry Hill"
548,26,41,42,33,26.9%,"Darlinghurst and Surry Hill"
549,0,8,14,14,0.0%,"Darlinghurst and Surry Hill"
550,88,136,124,113,28.4%,"Darlinghurst and Surry Hill"
551,57,51,94,94,64.9%,"Darlinghurst and Surry Hill"
552,0,17,36,11,0.0%,"Darlinghurst and Surry Hill"
553,0,0,4,4,0.0%,"Darlinghurst and Surry Hill"
554,49,67,138,76,55.1%,"Darlinghurst and Surry Hill"
555,86,39,140,237,175.6%,"Darlinghurst and Surry Hill"
556,52,453,755,770,1380.8%,"Darlinghurst and Surry Hill"
557,0,6,6,16,0.0%,"Darlinghurst and Surry Hill"
558,896,1486,487,487,-45.6%,"Darlinghurst and Surry Hill"
560,139,62,70,70,-49.6%,"Darlinghurst and Surry Hill"
561,138,146,76,163,18.1%,"Darlinghurst and Surry Hill"
562,617,106,177,177,-71.3%,"Darlinghurst and Surry Hill"
563,135,103,176,174,28.9%,"Darlinghurst and Surry Hill"
564,1256,1854,1816,1816,44.6%,"Darlinghurst and Surry Hill"
565,238,593,765,765,221.4%,"Darlinghurst and Surry Hill"
566,38,54,74,96,152.6%,"Darlinghurst and Surry Hill"
567,166,233,367,367,121.1%,"Darlinghurst and Surry Hill"
568,82,85,179,179,118.3%,"Darlinghurst and Surry Hill"
569,197,238,472,472,139.6%,"Darlinghurst and Surry Hill"
570,350,452,441,441,26.0%,"Darlinghurst and Surry Hill"
571,46,50,94,94,104.3%,"Darlinghurst and Surry Hill"
572,156,124,209,209,34.0%,"Darlinghurst and Surry Hill"
573,50,65,73,73,46.0%,"Darlinghurst and Surry Hill"
574,108,140,138,138,27.8%,"Darlinghurst and Surry Hill"
575,126,132,257,257,104.0%,"Darlinghurst and Surry Hill"
576,19,20,16,11,-42.1%,"Darlinghurst and Surry Hill"
577,165,272,257,257,55.8%,"Darlinghurst and Surry Hill"
578,19,49,41,41,115.8%,"Darlinghurst and Surry Hill"
579,86,117,75,75,-12.8%,"Darlinghurst and Surry Hill"
580,0,0,0,0,0.0%,"Darlinghurst and Surry Hill"
581,4,7,3,2,-50.0%,"Darlinghurst and Surry Hill"
582,255,291,448,448,75.7%,"Darlinghurst and Surry Hill"
583,1,54,15,15,0.0%,"Darlinghurst and Surry Hill"
584,0,0,1,0,0.0%,"Darlinghurst and Surry Hill"
585,4,6,5,9,125.0%,"Darlinghurst and Surry Hill"
586,135,151,180,180,33.3%,"Darlinghurst and Surry Hill"
587,61,83,93,93,52.5%,"Darlinghurst and Surry Hill"
588,0,0,0,0,0.0%,"Darlinghurst and Surry Hill"
589,29,114,143,143,393.1%,"Darlinghurst and Surry Hill"
590,45,74,46,49,8.9%,"Darlinghurst and Surry Hill"
591,8,2,8,14,75.0%,"Darlinghurst and Surry Hill"
592,0,0,0,0,0.0%,"Darlinghurst and Surry Hill"
593,0,0,0,0,0.0%,"Darlinghurst and Surry Hill"
594,13,15,8,14,7.7%,"Darlinghurst and Surry Hill"
595,0,0,0,0,0.0%,"Darlinghurst and Surry Hill"
596,274,336,218,218,-20.4%,"Darlinghurst and Surry Hill"
597,291,288,137,0,-100.0%,"Darlinghurst and Surry Hill"
598,4,5,5,8,100.0%,"Darlinghurst and Surry Hill"
599,0,0,0,0,0.0%,"Darlinghurst and Surry Hill"
600,3,3,7,8,166.7%,"Redfern, Erskineville and Macdonaldtown"
601,0,0,0,0,0.0%,"Redfern, Erskineville and Macdonaldtown"
602,30,29,10,5,-83.3%,"Redfern, Erskineville and Macdonaldtown"
603,0,0,0,0,0.0%,"Redfern, Erskineville and Macdonaldtown"
604,0,0,0,0,0.0%,"Redfern, Erskineville and Macdonaldtown"
605,5,5,15,16,220.0%,"Redfern, Erskineville and Macdonaldtown"
606,77,87,124,124,61.0%,"Redfern, Erskineville and Macdonaldtown"
607,0,0,0,0,0.0%,"Redfern, Erskineville and Macdonaldtown"
608,94,132,152,46,-51.1%,"Redfern, Erskineville and Macdonaldtown"
609,53,79,72,26,-50.9%,"Redfern, Erskineville and Macdonaldtown"
610,495,537,528,528,6.7%,"Redfern, Erskineville and Macdonaldtown"
611,19,50,51,51,168.4%,"Redfern, Erskineville and Macdonaldtown"
612,0,0,0,0,0.0%,"Redfern, Erskineville and Macdonaldtown"
613,0,0,0,0,0.0%,"Redfern, Erskineville and Macdonaldtown"
614,0,0,12,12,0.0%,"Redfern, Erskineville and Macdonaldtown"
615,0,0,0,0,0.0%,"Redfern, Erskineville and Macdonaldtown"
616,0,0,0,0,0.0%,"Redfern, Erskineville and Macdonaldtown"
617,1,3,3,4,0.0%,"Redfern, Erskineville and Macdonaldtown"
618,2,0,3,0,-100.0%,"Redfern, Erskineville and Macdonaldtown"
619,34,76,76,76,123.5%,"Redfern, Erskineville and Macdonaldtown"
620,0,0,0,23,0.0%,"Redfern, Erskineville and Macdonaldtown"
621,0,0,0,0,0.0%,"Redfern, Erskineville and Macdonaldtown"
622,0,28,39,38,0.0%,"Redfern, Erskineville and Macdonaldtown"
623,10,6,5,11,10.0%,"Redfern, Erskineville and Macdonaldtown"
624,24,24,18,18,-25.0%,"Redfern, Erskineville and Macdonaldtown"
625,0,12,20,15,0.0%,"Redfern, Erskineville and Macdonaldtown"
626,147,595,636,636,332.7%,"Redfern, Erskineville and Macdonaldtown"
627,41,28,25,25,-39.0%,"Redfern, Erskineville and Macdonaldtown"
628,1262,1262,1965,1965,55.7%,"Redfern, Erskineville and Macdonaldtown"
629,60,37,59,59,-1.7%,"Redfern, Erskineville and Macdonaldtown"
630,32,43,130,130,306.3%,"Redfern, Erskineville and Macdonaldtown"
631,0,0,683,683,0.0%,"Redfern, Erskineville and Macdonaldtown"
632,48,38,27,15,-68.8%,"Redfern, Erskineville and Macdonaldtown"
633,8,8,5,8,0.0%,"Redfern, Erskineville and Macdonaldtown"
634,16,11,7,7,-56.3%,"Redfern, Erskineville and Macdonaldtown"
635,0,0,0,0,0.0%,"Redfern, Erskineville and Macdonaldtown"
636,145,37,0,0,-100.0%,"Redfern, Erskineville and Macdonaldtown"
637,4,4,6,10,150.0%,"Redfern, Erskineville and Macdonaldtown"
638,119,336,359,359,201.7%,"Redfern, Erskineville and Macdonaldtown"
639,135,138,262,262,94.1%,"Redfern, Erskineville and Macdonaldtown"
640,80,25,5,4,-95.0%,"Redfern, Erskineville and Macdonaldtown"
641,41,49,48,48,17.1%,"Redfern, Erskineville and Macdonaldtown"
642,43,33,117,117,172.1%,"Redfern, Erskineville and Macdonaldtown"
643,10,21,16,16,60.0%,"Redfern, Erskineville and Macdonaldtown"
644,155,370,443,443,185.8%,"Redfern, Erskineville and Macdonaldtown"
645,17,60,55,55,223.5%,"Redfern, Erskineville and Macdonaldtown"
646,28,63,30,30,7.1%,"Redfern, Erskineville and Macdonaldtown"
647,76,143,174,174,128.9%,"Redfern, Erskineville and Macdonaldtown"
648,599,541,606,606,1.2%,"Redfern, Erskineville and Macdonaldtown"
649,125,106,156,150,20.0%,"Redfern, Erskineville and Macdonaldtown"
650,53,76,137,137,158.5%,"Redfern, Erskineville and Macdonaldtown"
651,58,111,63,63,8.6%,"Redfern, Erskineville and Macdonaldtown"
652,235,193,224,224,-4.7%,"Redfern, Erskineville and Macdonaldtown"
653,0,0,0,0,0.0%,"Redfern, Erskineville and Macdonaldtown"
654,0,0,0,0,0.0%,"Redfern, Erskineville and Macdonaldtown"
655,0,0,0,0,0.0%,"Redfern, Erskineville and Macdonaldtown"
656,138,178,189,1,-99.3%,"Redfern, Erskineville and Macdonaldtown"
657,87,135,251,251,188.5%,"Redfern, Erskineville and Macdonaldtown"
658,7,11,0,10,42.9%,"Redfern, Erskineville and Macdonaldtown"
659,12,29,12,18,50.0%,"Redfern, Erskineville and Macdonaldtown"
660,68,69,146,146,114.7%,"Redfern, Erskineville and Macdonaldtown"
661,25,29,32,32,28.0%,"Redfern, Erskineville and Macdonaldtown"
662,40,37,89,20,-50.0%,"Redfern, Erskineville and Macdonaldtown"
664,0,0,0,0,0.0%,"Redfern, Erskineville and Macdonaldtown"
665,20,438,81,81,305.0%,"Redfern, Erskineville and Macdonaldtown"
666,18,8,15,19,5.6%,"Redfern, Erskineville and Macdonaldtown"
667,26,57,48,48,84.6%,"Redfern, Erskineville and Macdonaldtown"
668,0,0,0,5,0.0%,"Redfern, Erskineville and Macdonaldtown"
669,50,81,76,76,52.0%,"Redfern, Erskineville and Macdonaldtown"
670,17,25,219,218,1182.4%,"Redfern, Erskineville and Macdonaldtown"
671,0,1,0,8,0.0%,"Redfern, Erskineville and Macdonaldtown"
672,15,15,11,18,20.0%,"Redfern, Erskineville and Macdonaldtown"
673,11,5,11,16,45.5%,"Redfern, Erskineville and Macdonaldtown"
674,16,7,11,11,-31.3%,"Redfern, Erskineville and Macdonaldtown"
675,0,7,39,46,0.0%,"Redfern, Erskineville and Macdonaldtown"
676,0,0,0,0,0.0%,"Redfern, Erskineville and Macdonaldtown"
677,0,0,0,0,0.0%,"Redfern, Erskineville and Macdonaldtown"
678,23,21,11,11,-52.2%,"Redfern, Erskineville and Macdonaldtown"
679,7,44,89,89,1171.4%,"Redfern, Erskineville and Macdonaldtown"
680,1,5,3,3,0.0%,"Redfern, Erskineville and Macdonaldtown"
681,0,0,0,0,0.0%,"Redfern, Erskineville and Macdonaldtown"
682,0,2,2,2,0.0%,"Redfern, Erskineville and Macdonaldtown"
683,21,32,5,5,-76.2%,"Redfern, Erskineville and Macdonaldtown"
684,24,45,73,73,204.2%,"Redfern, Erskineville and Macdonaldtown"
685,41,51,31,47,14.6%,"Redfern, Erskineville and Macdonaldtown"
686,10,61,28,28,180.0%,"Redfern, Erskineville and Macdonaldtown"
687,37,39,31,31,-16.2%,"Redfern, Erskineville and Macdonaldtown"
688,575,352,571,386,-32.9%,"Redfern, Erskineville and Macdonaldtown"
689,4,4,1,1,-75.0%,"Redfern, Erskineville and Macdonaldtown"
690,43,67,46,46,7.0%,"Redfern, Erskineville and Macdonaldtown"
691,104,85,81,81,-22.1%,"Redfern, Erskineville and Macdonaldtown"
692,2,3,3,3,50.0%,"Redfern, Erskineville and Macdonaldtown"
693,0,0,0,0,0.0%,"Redfern, Erskineville and Macdonaldtown"
694,0,0,0,0,0.0%,"Redfern, Erskineville and Macdonaldtown"
695,84,88,76,76,-9.5%,"Redfern, Erskineville and Macdonaldtown"
696,7,13,0,0,-100.0%,"Redfern, Erskineville and Macdonaldtown"
697,142,182,126,126,-11.3%,"Redfern, Erskineville and Macdonaldtown"
698,129,212,94,94,-27.1%,"Redfern, Erskineville and Macdonaldtown"
699,173,240,317,315,82.1%,"Redfern, Erskineville and Macdonaldtown"
700,83,95,79,79,-4.8%,"Redfern, Erskineville and Macdonaldtown"
701,0,0,0,0,0.0%,"Redfern, Erskineville and Macdonaldtown"
702,4,4,0,0,-100.0%,"Redfern, Erskineville and Macdonaldtown"
703,0,5,3,6,0.0%,"Redfern, Erskineville and Macdonaldtown"
704,0,0,0,0,0.0%,"Redfern, Erskineville and Macdonaldtown"
705,0,2,2,0,0.0%,"Redfern, Erskineville and Macdonaldtown"
706,61,37,47,86,41.0%,"Redfern, Erskineville and Macdonaldtown"
707,7,12,11,19,171.4%,"Redfern, Erskineville and Macdonaldtown"
708,5,5,4,4,-20.0%,"Redfern, Erskineville and Macdonaldtown"
709,0,0,0,0,0.0%,"Redfern, Erskineville and Macdonaldtown"
710,26,11,10,14,-46.2%,"Redfern, Erskineville and Macdonaldtown"
711,0,0,0,0,0.0%,"Redfern, Erskineville and Macdonaldtown"
712,1,1,1,1,0.0%,"Redfern, Erskineville and Macdonaldtown"
713,13,16,25,26,100.0%,"Redfern, Erskineville and Macdonaldtown"
714,1,4,3,11,0.0%,"Redfern, Erskineville and Macdonaldtown"
715,34,16,26,26,-23.5%,"Redfern, Erskineville and Macdonaldtown"
716,11,20,10,20,81.8%,"Redfern, Erskineville and Macdonaldtown"
717,258,230,279,420,62.8%,"Redfern, Erskineville and Macdonaldtown"
718,94,86,129,126,34.0%,"Redfern, Erskineville and Macdonaldtown"
719,0,0,35,64,0.0%,"Redfern, Erskineville and Macdonaldtown"
720,7,8,8,9,28.6%,"Redfern, Erskineville and Macdonaldtown"
721,186,255,269,438,135.5%,"Redfern, Erskineville and Macdonaldtown"
722,0,0,0,0,0.0%,"Redfern, Erskineville and Macdonaldtown"
723,0,0,0,2,0.0%,"Redfern, Erskineville and Macdonaldtown"
724,0,0,0,0,0.0%,"Redfern, Erskineville and Macdonaldtown"
725,0,0,0,0,0.0%,"Redfern, Erskineville and Macdonaldtown"
726,0,0,0,0,0.0%,"Redfern, Erskineville and Macdonaldtown"
727,16,26,28,58,262.5%,"Redfern, Erskineville and Macdonaldtown"
728,2,16,10,16,700.0%,"Redfern, Erskineville and Macdonaldtown"
729,18,30,82,121,572.2%,"Redfern, Erskineville and Macdonaldtown"
730,41,43,64,110,168.3%,"Redfern, Erskineville and Macdonaldtown"
731,0,0,0,0,0.0%,"Redfern, Erskineville and Macdonaldtown"
732,16,36,26,26,62.5%,"Redfern, Erskineville and Macdonaldtown"
733,0,0,0,0,0.0%,"Redfern, Erskineville and Macdonaldtown"
734,0,2,1,0,0.0%,"Redfern, Erskineville and Macdonaldtown"
735,0,2,0,0,0.0%,"Redfern, Erskineville and Macdonaldtown"
736,0,0,0,0,0.0%,"Redfern, Erskineville and Macdonaldtown"
737,3,3,3,3,0.0%,"Redfern, Erskineville and Macdonaldtown"
738,0,0,0,0,0.0%,"Redfern, Erskineville and Macdonaldtown"
739,71,124,52,75,5.6%,"Redfern, Erskineville and Macdonaldtown"
740,44,122,48,120,172.7%,"Redfern, Erskineville and Macdonaldtown"
741,25,29,15,39,56.0%,"Redfern, Erskineville and Macdonaldtown"
742,0,0,0,0,0.0%,"Redfern, Erskineville and Macdonaldtown"
743,0,0,0,0,0.0%,"Redfern, Erskineville and Macdonaldtown"
744,0,0,0,0,0.0%,"Redfern, Erskineville and Macdonaldtown"
745,0,0,0,0,0.0%,"Redfern, Erskineville and Macdonaldtown"
746,6,6,9,10,66.7%,"Redfern, Erskineville and Macdonaldtown"
747,15,41,24,67,346.7%,"Redfern, Erskineville and Macdonaldtown"
748,0,32,25,41,0.0%,"Redfern, Erskineville and Macdonaldtown"
751,1,2,0,0,0.0%,"Redfern, Erskineville and Macdonaldtown"
752,35,39,39,75,114.3%,"Redfern, Erskineville and Macdonaldtown"
753,20,22,44,14,-30.0%,"Redfern, Erskineville and Macdonaldtown"
754,3,6,2,8,166.7%,"Redfern, Erskineville and Macdonaldtown"
755,0,0,0,0,0.0%,"Redfern, Erskineville and Macdonaldtown"
756,0,0,0,1,0.0%,"Redfern, Erskineville and Macdonaldtown"
757,4,7,7,11,175.0%,"Redfern, Erskineville and Macdonaldtown"
758,0,0,0,0,0.0%,"Redfern, Erskineville and Macdonaldtown"
759,0,0,0,0,0.0%,"Redfern, Erskineville and Macdonaldtown"
760,0,0,0,0,0.0%,"Redfern, Erskineville and Macdonaldtown"
761,0,0,0,0,0.0%,"Redfern, Erskineville and Macdonaldtown"
778,856,845,1111,913,6.7%,"Redfern, Erskineville and Macdonaldtown"
779,111,270,146,174,56.8%,"Redfern, Erskineville and Macdonaldtown"
780,85,122,69,200,135.3%,"Redfern, Erskineville and Macdonaldtown"
781,2142,2547,2513,2498,16.6%,"Redfern, Erskineville and Macdonaldtown"
782,24,22,44,67,179.2%,"Redfern, Erskineville and Macdonaldtown"
783,262,277,258,258,-1.5%,"Redfern, Erskineville and Macdonaldtown"
784,1,0,172,314,0.0%,"Redfern, Erskineville and Macdonaldtown"
785,69,90,191,191,176.8%,"Redfern, Erskineville and Macdonaldtown"
787,66,104,195,196,197.0%,"Redfern, Erskineville and Macdonaldtown"
788,54,310,409,409,657.4%,"Redfern, Erskineville and Macdonaldtown"
789,189,222,206,206,9.0%,"Redfern, Erskineville and Macdonaldtown"
790,8,9,0,16,100.0%,"Redfern, Erskineville and Macdonaldtown"
791,83,73,83,83,0.0%,"Redfern, Erskineville and Macdonaldtown"
792,24,19,62,62,158.3%,"Redfern, Erskineville and Macdonaldtown"
793,35,36,32,36,2.9%,"Redfern, Erskineville and Macdonaldtown"
794,103,201,83,93,-9.7%,"Redfern, Erskineville and Macdonaldtown"
795,86,68,49,49,-43.0%,"Redfern, Erskineville and Macdonaldtown"
796,35,23,22,22,-37.1%,"Redfern, Erskineville and Macdonaldtown"
797,36,12,88,88,144.4%,"Redfern, Erskineville and Macdonaldtown"
798,19,19,7,26,36.8%,"Redfern, Erskineville and Macdonaldtown"
799,6,9,13,13,116.7%,"Redfern, Erskineville and Macdonaldtown"
800,6,44,21,169,2716.7%,Camperdown
801,63,200,245,245,288.9%,Camperdown
802,90,90,84,100,11.1%,Camperdown
803,0,0,6,4,0.0%,Camperdown
804,0,0,0,0,0.0%,Camperdown
805,0,0,0,0,0.0%,Camperdown
806,21,27,19,64,204.8%,Camperdown
807,6,4,14,77,1183.3%,Camperdown
809,23,66,73,86,273.9%,Camperdown
810,149,111,126,119,-20.1%,Camperdown
811,180,140,170,170,-5.6%,Camperdown
812,0,0,0,0,0.0%,Camperdown
813,15,0,15,15,0.0%,Camperdown
814,51,2,41,37,-27.5%,Camperdown
815,17,33,25,12,-29.4%,Camperdown
816,68,70,60,60,-11.8%,Camperdown
817,7,0,0,0,-100.0%,Camperdown
818,4,5,5,5,25.0%,Camperdown
819,150,129,94,94,-37.3%,Camperdown
820,69,32,77,62,-10.1%,Camperdown
821,163,152,110,110,-32.5%,Camperdown
822,18,6,63,63,250.0%,Camperdown
823,56,42,86,86,53.6%,Camperdown
824,3,65,18,57,1800.0%,Camperdown
826,64,89,319,319,398.4%,Camperdown
827,380,260,335,335,-11.8%,Camperdown
828,30,36,28,28,-6.7%,Camperdown
829,31,59,55,48,54.8%,Camperdown
830,495,523,972,972,96.4%,Camperdown
831,0,0,3,3,0.0%,Camperdown
832,287,287,272,272,-5.2%,Camperdown
833,323,323,170,170,-47.4%,Camperdown
834,0,23,27,27,0.0%,Camperdown
835,69,171,135,135,95.7%,Camperdown
836,44,74,56,54,22.7%,Camperdown
837,44,35,13,13,-70.5%,Camperdown
838,63,45,36,36,-42.9%,Camperdown
839,98,139,253,253,158.2%,Glebe
840,25,67,43,43,72.0%,Glebe
841,18,17,19,19,5.6%,Glebe
842,0,0,0,0,0.0%,Glebe
843,10,82,63,63,530.0%,Glebe
844,334,442,279,279,-16.5%,Glebe
845,0,17,21,21,0.0%,Glebe
846,0,0,0,0,0.0%,Camperdown
847,0,0,0,0,0.0%,Camperdown
848,0,0,0,0,0.0%,Camperdown
849,55,37,75,138,150.9%,Camperdown
850,40,31,31,54,35.0%,Camperdown
851,9,0,2,2,-77.8%,Camperdown
852,0,0,0,0,0.0%,Camperdown
853,0,0,0,0,0.0%,Camperdown
854,0,0,0,0,0.0%,Camperdown
855,0,0,0,0,0.0%,Camperdown
856,4,1,2,2,-50.0%,Camperdown
857,44,75,68,68,54.5%,Camperdown
858,130,104,103,103,-20.8%,Camperdown
859,3,5,4,4,33.3%,Camperdown
860,130,154,140,140,7.7%,Camperdown
861,68,59,71,71,4.4%,Camperdown
863,1254,3462,3438,10922,771.0%,Camperdown
868,97,222,104,104,7.2%,Camperdown
869,0,0,0,0,0.0%,Camperdown
870,1013,903,588,327,-67.7%,Camperdown
901,1355,1490,1057,1729,27.6%,Glebe
902,269,289,207,423,57.2%,Glebe
903,111,100,79,193,73.9%,Glebe
904,75,49,43,67,-10.7%,Glebe
905,174,144,34,50,-71.3%,Glebe
906,0,0,0,0,0.0%,Glebe
907,0,0,0,0,0.0%,Glebe
908,2,2,1,8,300.0%,Glebe
909,0,0,0,0,0.0%,Glebe
910,0,0,0,0,0.0%,Glebe
911,179,175,134,161,-10.1%,Glebe
912,87,73,56,94,8.0%,Glebe
913,167,177,157,169,1.2%,Glebe
914,0,0,0,0,0.0%,Glebe
915,98,101,121,106,8.2%,Glebe
916,262,212,215,214,-18.3%,Glebe
917,176,271,215,266,51.1%,Glebe
918,3,3,7,6,100.0%,Glebe
919,27,40,105,110,307.4%,Glebe
920,60,35,37,40,-33.3%,Glebe
921,8,11,7,6,-25.0%,Glebe
922,0,0,7,7,0.0%,Glebe
923,0,0,0,0,0.0%,Glebe
924,51,72,69,64,25.5%,Glebe
925,115,133,83,82,-28.7%,Glebe
926,12,10,6,6,-50.0%,Glebe
927,2,0,0,8,300.0%,Glebe
928,0,0,0,0,0.0%,Glebe
929,0,0,0,0,0.0%,Glebe
930,0,0,0,0,0.0%,Glebe
931,31,25,27,13,-58.1%,Glebe
932,9,22,67,67,644.4%,Glebe
933,0,0,0,0,0.0%,Glebe
934,0,0,0,0,0.0%,Glebe
935,1,28,18,18,0.0%,Glebe
936,0,0,0,0,0.0%,Glebe
937,92,64,45,45,-51.1%,Glebe
938,7,60,48,48,585.7%,Glebe
939,2,6,5,5,150.0%,Glebe
940,3,3,3,3,0.0%,Glebe
941,8,49,22,22,175.0%,Glebe
942,48,140,202,202,320.8%,Glebe
943,0,0,0,0,0.0%,Glebe
944,0,0,0,0,0.0%,Glebe
945,61,49,59,59,-3.3%,Glebe
946,6,7,40,40,566.7%,Glebe
947,59,34,39,39,-33.9%,Glebe
948,175,187,107,97,-44.6%,Glebe
949,14,12,28,28,100.0%,Glebe
950,0,0,17,17,0.0%,Glebe
951,52,54,56,56,7.7%,Glebe
952,154,348,415,413,168.2%,Glebe
953,10,30,47,47,370.0%,Glebe
954,0,0,0,0,0.0%,Glebe
955,0,0,0,0,0.0%,Glebe
956,0,0,0,0,0.0%,Glebe
957,0,0,0,0,0.0%,Glebe
958,38,122,182,182,378.9%,Glebe
959,49,49,44,44,-10.2%,Glebe
960,0,0,0,0,0.0%,Glebe
961,19,15,20,20,5.3%,Glebe
962,0,0,0,0,0.0%,Glebe
963,0,0,0,0,0.0%,Glebe
964,0,0,0,0,0.0%,Glebe
965,20,22,32,32,60.0%,Glebe
966,0,0,0,0,0.0%,Glebe
967,0,2,12,12,0.0%,Glebe
969,0,0,0,0,0.0%,Glebe
970,0,0,0,0,0.0%,Glebe
971,0,0,0,0,0.0%,Glebe
972,0,0,0,0,0.0%,Glebe
973,17,16,29,29,70.6%,Glebe
974,11,11,12,35,218.2%,Glebe
975,5,5,0,0,-100.0%,Glebe
976,160,171,27,67,-58.1%,Glebe
977,77,103,56,77,0.0%,Glebe
978,0,0,0,0,0.0%,Glebe
979,4,4,1,2,-50.0%,Glebe
980,87,155,57,88,1.1%,Glebe
981,0,0,0,0,0.0%,Glebe
982,26,60,30,54,107.7%,Glebe
983,0,0,0,0,0.0%,Glebe
984,19,67,145,198,942.1%,Glebe
985,0,0,0,0,0.0%,Glebe
986,0,0,0,0,0.0%,Glebe
987,0,18,0,19,0.0%,Glebe
988,0,0,0,0,0.0%,Glebe
989,49,51,3,3,-93.9%,Glebe
990,3,3,16,13,333.3%,Glebe
991,0,0,0,0,0.0%,Glebe
992,136,47,89,109,-19.9%,Glebe
993,5,5,7,8,60.0%,Glebe
995,21,70,48,36,71.4%,Glebe
997,0,0,0,5,0.0%,Glebe
1000,7,19,0,8,14.3%,Alexandria
1001,37,69,49,49,32.4%,Alexandria
1002,63,71,17,17,-73.0%,Alexandria
1003,513,723,303,0,-100.0%,Alexandria
1004,40,27,32,32,-20.0%,Alexandria
1005,1,5,1,1,0.0%,Alexandria
1006,15,30,31,31,106.7%,Alexandria
1007,0,0,0,0,0.0%,Alexandria
1008,22,20,32,20,-9.1%,Alexandria
1009,0,0,0,0,0.0%,Alexandria
1010,0,0,0,0,0.0%,Alexandria
1011,50,51,28,40,-20.0%,Alexandria
1012,20,4,19,11,-45.0%,Alexandria
1013,34,49,26,50,47.1%,Alexandria
1014,35,35,15,12,-65.7%,Alexandria
1015,14,11,6,9,-35.7%,Alexandria
1016,79,125,118,181,129.1%,Alexandria
1017,15,34,3,3,-80.0%,Alexandria
1018,13,10,2,2,-84.6%,Alexandria
1019,5,7,10,10,100.0%,Alexandria
1020,1,1,7,7,0.0%,Alexandria
1021,0,0,0,0,0.0%,Alexandria
1022,0,0,0,0,0.0%,Alexandria
1023,4,5,2,2,-50.0%,Alexandria
1024,20,14,20,20,0.0%,Alexandria
1025,12,17,15,15,25.0%,Alexandria
1026,0,1,0,0,0.0%,Alexandria
1027,51,51,19,19,-62.7%,Alexandria
1028,16,16,11,11,-31.3%,Alexandria
1029,1,3,5,5,0.0%,Alexandria
1030,252,256,228,195,-22.6%,Alexandria
1031,8,36,18,18,125.0%,Alexandria
1032,62,52,35,35,-43.5%,Alexandria
1033,0,0,0,0,0.0%,Alexandria
1034,5,5,21,21,320.0%,Alexandria
1035,22,38,71,71,222.7%,Alexandria
1036,7,9,11,11,57.1%,Alexandria
1037,207,148,177,177,-14.5%,Alexandria
1038,487,199,103,103,-78.9%,Alexandria
1039,32,65,77,131,309.4%,Alexandria
1040,29,37,43,54,86.2%,Alexandria
1041,123,142,78,55,-55.3%,Alexandria
1042,0,0,0,0,0.0%,Alexandria
1043,270,336,287,375,38.9%,Alexandria
1044,13,179,15,20,53.8%,Alexandria
1045,0,6,28,22,0.0%,Alexandria
1046,16,25,38,50,212.5%,Alexandria
1047,0,0,0,0,0.0%,Alexandria
1048,0,0,0,0,0.0%,Alexandria
1049,15,17,18,18,20.0%,Alexandria
1050,12,16,18,28,133.3%,Alexandria
1051,6,7,4,10,66.7%,Alexandria
1052,18,10,24,30,66.7%,Alexandria
1053,17,16,15,11,-35.3%,Alexandria
1054,0,0,0,0,0.0%,Alexandria
1055,280,262,22,22,-92.1%,Alexandria
1056,133,176,25,37,-72.2%,Alexandria
1057,172,190,196,304,76.7%,Alexandria
1058,28,34,21,89,217.9%,Alexandria
1059,62,160,522,666,974.2%,Alexandria
1060,3,174,105,183,6000.0%,Alexandria
1061,312,313,248,200,-35.9%,Alexandria
1062,48,63,38,99,106.3%,Alexandria
1063,9,24,12,30,233.3%,Alexandria
1064,35,76,90,105,200.0%,Alexandria
1065,122,324,228,242,98.4%,Alexandria
1066,20,27,21,34,70.0%,Alexandria
1067,980,664,442,29,-97.0%,Alexandria
1069,43,70,130,90,109.3%,Alexandria
1070,252,247,211,246,-2.4%,Alexandria
1071,15,9,9,5,-66.7%,Alexandria
1072,3,93,121,112,3633.3%,Alexandria
1073,0,9,7,7,0.0%,Alexandria
1074,0,5,3,3,0.0%,Alexandria
1075,0,6,13,13,0.0%,Alexandria
1076,5,0,640,640,12700.0%,Alexandria
1077,0,75,83,83,0.0%,Alexandria
1078,585,582,346,346,-40.9%,Alexandria
1080,322,270,123,26,-91.9%,Alexandria
1081,4,11,10,13,225.0%,Alexandria
1082,144,114,103,89,-38.2%,Alexandria
1083,86,170,98,95,10.5%,Alexandria
1084,43,45,74,150,248.8%,Alexandria
1085,264,199,0,0,-100.0%,Alexandria
1086,47,84,47,47,0.0%,Alexandria
1087,89,229,289,207,132.6%,Alexandria
1088,164,197,175,288,75.6%,Alexandria
1089,20,66,57,144,620.0%,Alexandria
1090,1691,1047,1331,1357,-19.8%,Alexandria
1091,130,83,79,19,-85.4%,Alexandria
1092,344,254,218,711,106.7%,Alexandria
1093,342,487,601,1040,204.1%,Alexandria
1094,337,314,366,639,89.6%,Alexandria
1095,771,865,1156,1158,50.2%,Alexandria
1096,524,719,519,624,19.1%,Alexandria
1097,681,968,666,807,18.5%,Alexandria
1098,108,113,77,78,-27.8%,Alexandria
1099,19,19,22,20,5.3%,Alexandria
1100,51,70,25,73,43.1%,Alexandria
1101,100,148,144,177,77.0%,Alexandria
1102,162,280,287,460,184.0%,Alexandria
1103,52,70,69,124,138.5%,Alexandria
1104,82,41,52,73,-11.0%,Alexandria
1105,8,28,22,32,300.0%,Alexandria
1106,86,78,176,273,217.4%,Alexandria
1107,6,6,2,1,-83.3%,Alexandria
1108,168,165,76,76,-54.8%,Alexandria
1109,48,52,20,78,62.5%,Alexandria
1110,329,331,384,416,26.4%,Alexandria
1111,134,244,206,125,-6.7%,Alexandria
1112,176,292,151,106,-39.8%,Alexandria
1113,0,0,11,10,0.0%,Alexandria
1114,136,169,45,53,-61.0%,Alexandria
1115,50,63,37,5,-90.0%,Alexandria
1116,73,103,82,140,91.8%,Alexandria
1117,49,91,77,140,185.7%,Alexandria
1118,485,718,945,710,46.4%,Alexandria
1119,0,0,0,0,0.0%,Alexandria
1120,67,38,66,80,19.4%,Alexandria
1121,505,308,395,426,-15.6%,Alexandria
1122,639,902,155,197,-69.2%,Alexandria
1123,392,512,241,239,-39.0%,Alexandria
1124,0,0,0,0,0.0%,Alexandria
1125,0,0,0,0,0.0%,Alexandria
1126,12,7,4,14,16.7%,Alexandria
1127,14,19,16,14,0.0%,Alexandria
1128,0,0,0,0,0.0%,Alexandria
1129,0,0,0,0,0.0%,Alexandria
1130,0,0,0,0,0.0%,Alexandria
1131,0,0,0,0,0.0%,Alexandria
1132,5,5,5,7,40.0%,Alexandria
1133,8,7,5,4,-50.0%,Alexandria
1134,0,0,0,0,0.0%,Alexandria
1135,10,10,21,4,-60.0%,Alexandria
1136,0,0,0,0,0.0%,Alexandria
1137,0,0,8,7,0.0%,Alexandria
1138,0,0,0,0,0.0%,Alexandria
1139,223,92,143,165,-26.0%,Alexandria
1140,65,144,310,310,376.9%,Alexandria
1141,410,360,303,313,-23.7%,Alexandria
1142,277,0,0,0,-100.0%,Alexandria
1143,423,528,521,497,17.5%,Alexandria
1144,0,2,2,1,0.0%,Alexandria
1145,0,0,0,5,0.0%,Alexandria
1146,0,0,0,0,0.0%,Alexandria
1147,0,0,0,0,0.0%,Alexandria
1148,263,230,224,199,-24.3%,Alexandria
1149,188,211,147,270,43.6%,Alexandria
1150,204,198,60,73,-64.2%,Alexandria
1151,77,189,126,125,62.3%,Alexandria
1152,923,1107,1028,627,-32.1%,Alexandria
1153,611,963,1139,894,46.3%,Alexandria
1154,491,876,715,505,2.9%,Alexandria
1155,2235,3085,1950,1773,-20.7%,Alexandria
1156,542,916,1180,1055,94.6%,Alexandria
1157,1369,1415,1773,917,-33.0%,Alexandria
1158,628,562,1054,318,-49.4%,Alexandria
1159,913,927,725,770,-15.7%,Alexandria
1160,63,76,3,4,-93.7%,Alexandria
1161,664,606,30,30,-95.5%,Alexandria
1163,323,413,198,128,-60.4%,Alexandria
1164,47,36,56,35,-25.5%,Alexandria
1201,18,4,4,6,-66.7%,Zetland
1202,0,0,0,0,0.0%,Zetland
1203,0,0,0,0,0.0%,Zetland
1204,3,3,3,3,0.0%,Zetland
1205,0,0,0,0,0.0%,Zetland
1206,0,0,0,0,0.0%,Zetland
1207,0,0,0,0,0.0%,Zetland
1208,15,26,15,15,0.0%,Zetland
1209,11,17,19,19,72.7%,Zetland
1210,0,0,1,1,0.0%,Zetland
1211,0,0,1,1,0.0%,Zetland
1212,10,14,14,26,160.0%,Zetland
1213,531,114,16,104,-80.4%,Zetland
1214,25,26,30,17,-32.0%,Zetland
1215,0,0,0,0,0.0%,Zetland
1216,0,10,5,6,0.0%,Zetland
